hairbykole.com,Hair by Kole,,Hair by Kole,,
carvedsoulsmusic.com,Carved Souls,,Carved Souls,,
cryptohomiesclub.io,CryptoHomies Club,Homieshop Properties LLC or Non-Fungible Art Inc.,CryptoHomies Club | CRYPTO HOMIES | Homieshop Properties LLC or Non-Fungible Art Inc. | Homieshop Properties LLC.,,
couplescounselingatlanta.com,Atlanta Couples Counseling,,Atlanta Couples Counseling,,
marriagecounselingmemphis.com,Marriage Counseling Memphis,,Marriage Counseling Memphis,,
greenissue.eu,Greenissue,,Greenissue,,
marylandplatingservicinginc.com,Maryland Plating & Servicing Inc.,Maryland Plating & Servicing Inc.,Maryland Plating & Servicing Inc. | Maryland Plating & Servicing,,
maiaschmidt.com,Maia Schmidt,,Maia Schmidt,,
cincyscrubs.com,Cincy Scrubs,,Cincy Scrubs,,
parisfumc.org,Paris First United Methodist Church Inc.,Paris First United Methodist Church Inc.,Paris First United Methodist Church Inc. | Paris FUMC,,
downunderpottery.com,Down Under Pottery,,Down Under Pottery,,
fedorovfilms.com,Fedorov Films,,Fedorov Films,,
venturemediaagency.com,Venture Media Agency,,Venture Media Agency,,
sunnirey.shop,Sunnirey,Chengdu Fengbin Manganese Zhen Electronic Commerce Co. Ltd.,Sunnirey | Chengdu Fengbin Manganese Zhen Electronic Commerce Co. Ltd.,,
marrs-jonesfuneralhome.com,Marrs-Jones Funeral,,Marrs-Jones Funeral | Marrs-Jones Funeral Home | Marrs-Jones | All Faiths of the Pines,,
ancientcityappraisals.com,Ancient City Appraisals,Ancient City Appraisals Inc.,Ancient City Appraisals | Ancient City Appraisals Inc.,,
dskidsermons.com,Dollar Store Children Sermons,,Dollar Store Children Sermons,,
jessicaashwellness.com,Jessica Ash Wellness,Jessica Ash Wellness LLC.,Jessica Ash Wellness | Jessica Ash Wellness LLC.,,
jahmakingsconstruction.com,Jahmakings,,Jahmakings | JAHMAKINGS CONSTRUCTION,,
borderwarswrestling.com,Border Wars Wrestling,,Border Wars Wrestling | Border Wars,,
journey2beme.com,Paint Yourself Beautiful,,Paint Yourself Beautiful,,
actioncomedyfilms.com,Action Comedy Films616,,Action Comedy Films616 | Action Comedy Films,,
fccherrick.org,First Christian Church Of Herrick,,First Christian Church Of Herrick,,
3lechesbake.com,3 Leches Bakery Cafe,Leches Bakery & Cafe LLC.,3 Leches Bakery Cafe | 3 Leches Bakery | Leches Bakery & Cafe LLC.,,
directjet.com,Direct Jet Charter LLC.,Direct Jet Charter LLC.,Direct Jet Charter LLC. | Direct Jet Charter | Direct Jet,,
smensclub.org,Senior Men's Club,E-mail Trustee,Senior Men's Club | Smensclub | E-mail Trustee,,
knickonwood.com,kNickonwood,,kNickonwood,,
richardsservicecenter.com,Richards Service Center,,Richards Service Center,,
growthfutures.net,Growth Futures,Lafayette Commodities Inc.,Growth Futures | Lafayette Commodities Inc.,,
brandibaileyphotos.com,Brandi Bailey Photos,,Brandi Bailey Photos,,
vghgroup.org,VGH Group,,VGH Group,,
sinceremobilephlebotomy.net,Sincere Touch Mobile Phlebotomy LLC.,Sincere Touch Mobile Phlebotomy LLC.,Sincere Touch Mobile Phlebotomy LLC. | Sincere Touch Mobile Phlebotomy | At Sincere Touch Mobile Phlebotomy LLC. | Touch Mobile Phlebotomy LLC.,,
meroscience.org,MENLO-ATHERTON ECOLOGY RESEARCH OUTDOORS,,MENLO-ATHERTON ECOLOGY RESEARCH OUTDOORS | MENLO-ATHERTON ECOLOGY,,
capricommercialcapital.com,Capri Commercial Capital,,Capri Commercial Capital | Capri Commercial Cap,,
beagibbons.com,Andrew Gibbons,,Andrew Gibbons,,
getrazuzz.com,Get Razuzz,,Get Razuzz,,
timothylee.us,Timothy Lee,,Timothy Lee,,
thelocalmanjakemangan.com,The Local Man,,The Local Man | Local Man,,
tashahmoore.com,Tasha H. Moore,Tasha H Moore LLC.,Tasha H. Moore | Tasha H Moore LLC.,,
laflosd.com,LAFLO,,LAFLO,,
joyfuladoptions.com,Barbara C. Jones,,Barbara C. Jones,,
kufflet.com,Kufflet,Kuffstuff LLC.,Kufflet | Kuffstuff LLC.,,
eringallagher.wordpress.com,Erin Gallagher Jewelry,,Erin Gallagher Jewelry,,
continentalfresh.com,Continental Fresh,,Continental Fresh,,
reflexdelivery.com,Reflex Delivery,,Reflex Delivery,,
lionsteelstructuresco.com,Lion Steel Structures,,Lion Steel Structures,,
winningham-iron-metal.business.site,Winningham Iron & Metal,,Winningham Iron & Metal,,
fivestarpoollinerswilliamstown.com,Five Star Pool Liners,,Five Star Pool Liners | Five Star Pool Liners Williamstown,,
ageanabrett.com,Humboldt County Real Estate Agent,,Humboldt County Real Estate Agent,,
thebentleyparkcommunityassociation.org,Bentley Park Community Association,Bentley Park Community Association,Bentley Park Community Association,,
camilluscusecamp.com,'Cuse Camp,,'Cuse Camp,,
haqelyaqeen.com,Grocery Store Tempalate,,Grocery Store Tempalate,,
aiesteam.org,Academy for Innovation in Education,,Academy for Innovation in Education | AIE STEAM,,
kristyler.com,Kris Tyler WaterColor,,Kris Tyler WaterColor | Kris Tyler,,
montcapitalpartners.com,Mont Capital Partners,Mont Capital Partners LLC.,Mont Capital Partners | Mont Capital Partners LLC.,,
baypointlabs.com,Bay Point Labs,Bay Point Laboratories Inc.,Bay Point Labs | Bay Point Laboratories Inc.,,
thejewishheritagefoundation.com,The Jewish Heritage Foundation,The Jewish Heritage Foundation Inc.,The Jewish Heritage Foundation | The Jewish Heritage Foundation Inc.,,
50ggirls.com,50 G-GIRLS,50G-Girls Inc.,50 G-GIRLS | 50G-Girls Inc.,,
trihealthbalance.com,Tri Health Balance,,Tri Health Balance,,
lifeofbtc.org,Beyond The Court LLC.,Beyond The Court LLC.,Beyond The Court LLC. | The Beyond The Court LLC.,,
analogique.com,ANALOGIQUE SERVICES LABS,Analogique Service Labs Inc.,ANALOGIQUE SERVICES LABS | Analogique | Analogique Service Labs Inc.,,
kcsweep.com,Fluesbrothers Chimney Service,Fluebrothers Llc,Fluesbrothers Chimney Service | Fluesbrothers Chimney of Overland Park | Fluesbrothers Chimney | Fluebrothers Llc,,
drmeganseltz.com,Dr. Megan Seltz,,Dr. Megan Seltz,,
d30ufu6vr9yoyg.cloudfront.net,Wartburg College,,Wartburg College,,
oldfarmhouseprimitives.com,Old Farmhouse Primitives,,Old Farmhouse Primitives,,
handymanexpressservice.net,Handyman Express Service,Handyman Express Service LLC.,Handyman Express Service | Handyman Express Service LLC. | Handyman Express,,
tax-masters.net,Tax-Masters,,Tax-Masters,,
moving2branson.com,Table Rock Lake Home Search,,Table Rock Lake Home Search,,
romanthumbs.com,Romanthumbs,,Romanthumbs,,
vibrantlifefarms.com,Vibrant Life Aquaponics,,Vibrant Life Aquaponics | Vibrant Life Farms,,
villavieira.com,Villa Vieira,,Villa Vieira,,
gsiprint.com,Graphic Services Inc.,Graphic Services Inc.,Graphic Services Inc. | Graphic Services,,
caninereproductivecenter.com,Canine Reproduction Center,,Canine Reproduction Center,,
aop3d.com,AOP3D tech,AOP3D ULTIMATE PC.,AOP3D tech | AOP3D | AOP3D ULTIMATE PC.,,
proexecstaffing.com,Pro-Exec Staffing LLC.,Pro-Exec Staffing LLC.,Pro-Exec Staffing LLC. | Pro Exec Staffing,,
iam-boeing.com,IAM Boeing Joint Programs Central Site Office,,IAM Boeing Joint Programs Central Site Office,,
magarc.org,MagARC,,MagARC,,
minastollery.com,Mina Stollery,,Mina Stollery,,
verve-medical.com,Verve Medical,Verve Medical Inc.,Verve Medical | Verve | Verve Medical Inc.,,
steppir.com,SteppIR Communication Systems,SteppIR Inc.,SteppIR Communication Systems | SteppIR | SteppIR Inc.,,
erichedlund.com,Eric Hedlund,,Eric Hedlund,,
foxtrailerservice.com,Fox Trailer Service,Fox Trailer Service LLC.,Fox Trailer Service | Fox Trailer Service LLC. | Fox Trailer,,
brentwood365.com,Brentwood365,,Brentwood365,,
bodegaunclick.com,Bodega Un Click,,Bodega Un Click | Bodegaunclickadmin,,
miltongeorgialiving.com,Milton GA Living,,Milton GA Living,,
skgfitness.training,SKG Fitness LLC.,SKG Fitness LLC.,SKG Fitness LLC. | SKG Fitness,,
thecollectiveeffect.org,THE COLLECTIVE EFFECT,,THE COLLECTIVE EFFECT | COLLECTIVE EFFECT,,
kelleyroadrace.com,Kelley Road Race,SNERRO LLC.,Kelley Road Race | SNERRO LLC.,,
iambaldianastyles.info,IAmBaldianaStyles,,IAmBaldianaStyles,,
flatpondpublishing.com,Flat Pond Publishing,,Flat Pond Publishing,,
romesportshalloffame.com,Rome Sports Hall of Fame,,Rome Sports Hall of Fame | Rome Sports Hall of Fame &amp Museum,,
palla-siding-and-windows.business.site,Palla Siding & Windows,,Palla Siding & Windows,,
rcgglobaltv.com,RCG Global TV Network,,RCG Global TV Network | RCG Global TV,,
airprofork.com,AirPro Fork,,AirPro Fork,,
osalra.com,OSALRA,,OSALRA,,
86fest.com,86FEST,,86FEST,,
coltonfamilydental.com,Colton Family Dental,DEVANG PATEL DDS INC.,Colton Family Dental | Colton family dental Patel Devang DDS | DEVANG PATEL DDS INC.,,
adaini.com,A daini,,A daini | ALEXANDRA DAINI,,
evadoyle.com,Eva Doyle MBA,,Eva Doyle MBA | Eva Doyle,,
parklandhairclinic.info,Parkland Hair Clinic,,Parkland Hair Clinic,,
maquez-kennelz.business.site,Marquez Kennelz,,Marquez Kennelz,,
bc-hinger.com,BC HINGER,,BC HINGER,,
hbcofrochester.org,Hillcrest Baptist Church,,Hillcrest Baptist Church,,
reelsafarischarters.com,REEL SAFARI'S CHARTERS LLC.,REEL SAFARI'S CHARTERS LLC.,REEL SAFARI'S CHARTERS LLC. | Reelsafarischarters,,
bundlesbybassett.com,Bundles By Bassett,,Bundles By Bassett,,
runlikeclockwork.com,Run Like Clockwork,Run Like Clockwork LLC.,Run Like Clockwork | Run Like Clockwork LLC.,,
ccspatherapies.com,CC Spa Therapies,,CC Spa Therapies,,
graspinc.org,Greece Residents Assisting Stray Pets,Assisting Stray Pets Incorporated,Greece Residents Assisting Stray Pets | Assisting Stray Pets Incorporated,,
epertase.com,TIANJIN CONSTRUCTION TECHNOLOGY CO. LTD.,TIANJIN CONSTRUCTION TECHNOLOGY CO. LTD.,TIANJIN CONSTRUCTION TECHNOLOGY CO. LTD.,,
prashnercpa.com,Prashner CPA,Prashner CPA P.C.,Barbara R. Prashner | Barbara Prashner | Prashner CPA | Prashner CPA P.C. | Barbara R. Prashner CPA P.C.,,
jtheater.com,J.T. H EATER,,J.T. H EATER | J T Heater-Architect,,
truyasushica.com,Truya Sushi,,Truya Sushi,,
abcbni.com,Active Business Connections BNI,,Active Business Connections BNI | Active Business Connections,,
propertyguysnj.com,Property Guys,,Property Guys | Property Guys NJ,,
cedarwork.org,Cedar Work,,Cedar Work | Cedar Work International,,
fitfeetflorida.com,Fit Feet For Life,,Fit Feet For Life | Fit Feet For,,
budgetmobilehometransport.com,Budget Mobile Home Removal & Transport,,Budget Mobile Home Removal & Transport | Mobile Home Movers | Budget Mobile Home Transport,,
unitedcloudtechnologies.com,United Cloud Technologies,,United Cloud Technologies,,
dolphinsdigital.org,Dinosaurs Field day,,Dinosaurs Field day,,
keepsakeweddingphotography.com,Keepsake Wedding Photography,,Keepsake Wedding Photography,,
concordncwildliferemoval.com,Concord NC Wildlife Removal,,Concord NC Wildlife Removal | Concord Wildlife Removal,,
jrmatheny.com,JRM designcreative,,JRM designcreative,,
stitchncluck.com,Stitch and Cluck,,Stitch and Cluck,,
aproa.org,APROA,,APROA,,
kokuanutrition.com,KOKUA Lifestyle and Nutrition,,KOKUA Lifestyle and Nutrition | KOKUA Lifestyle and Nutrition Dietitian Services,,
neptune-society.com,Neptune Society of Northern California,Neptune Society,Neptune Society of Northern California | Neptune Society | Neptune Society of Northern California Neptune Society | Neptune Society Inc.,,
kaleofamilies.org,Kaleo Family Services,,Kaleo Family Services | Kaleo Families,,
macazancorp.com,Macazan,Macazan Corp.,Macazan | Macazan Corp.,,
darstproperties.com,Darst Properties,Darst Properties LLC.,Darst Properties | Darst Properties LLC.,,
chevrv.com,ChevRV,Chevi Enterprises LLC.,ChevRV | Chevi Enterprises LLC.,,
cousineauforestproducts.com,Cousineau Forest Products,Cousineau Company,Cousineau Forest Products | Cousineau Company,,
theceosalon.com,The CEO Salon,,The CEO Salon | CEO Salon | The CEO Salon Bakersfield,,
jasonheltonrealestate.com,Jason Helton,,Jason Helton | JASON HELTON REAL ESTATE,,
tvwelove.com,TvWeLove,,TvWeLove,,
mazautoglass.com,MAZ Auto Glass,,MAZ Auto Glass,(415) 626-4474,
central-texas-mobile-notary-notary-public.business.site,Central Texas Mobile Notary,,Central Texas Mobile Notary | Central Texas Mobile Notary Notary Public,,
caring-hands-seniorsolutionsgroupinc.business.site,Caring Hands,,Caring Hands,,
abreakdisabilityandrespite.com,A Break Disability and Respite,A Break Disability and Respite Services PTY.,A Break Disability and Respite | A Break Disability and Respite Services PTY. | Respite Services PTY LTD. | A Break Disability and Respite Services,,
innsofcourt.org,American Inns of Court Foundation,,American Inns of Court Foundation | American Inns of Court,,
horizons.church,Horizons,,Horizons | Horizons Community Church | Horizons Church | Horizons Church Lincoln NE,,
theneedlehouse.com,Needle House,,Needle House | The Needle House | Needledeeva Inc.,,
dolee-rentals.com,DoLee Rentals Inc.,DoLee Rentals Inc.,DoLee Rentals Inc. | DOLEE RENTALS | DoLee Rentals Inc. DoLee Rentals,,
cowpaddyfudge.wordpress.com,Cow Paddy Irish Fudge,,Cow Paddy Irish Fudge | Cowpaddyfudge,,
nashvilleucc.org,Nashville United Church of Christ,,Nashville United Church of Christ | NASHVILLE UCC | Nashville U.C.C. Recreational Park,,
ortsac.com,Ortsac Capital Group,,Ortsac Capital Group | Ortsac Capital,,
acifund.com,Acifund,Alta Development I LLC.,Acifund | Alta Development I LLC. | Alta XI LLC.,,
seamuspuppy.com,KIND HEART,,KIND HEART,,
yingtexun.com,Izeetak,,Izeetak,,
clinejewelers.com,Cline Jewelers,,Cline Jewelers | Cline Jewelers in Edmonds | Cline Custom Jewelers | Cline Manufacturing Jewelers,,
anthonymarlowe.com,Anthony Marlowe,,Anthony Marlowe,,
big-dog-boarding.business.site,Big Dog Boarding,,Big Dog Boarding,,
crazy.builders,Crazy Builders,,Crazy Builders | Crazy,,
talkingparents.com,Talking Parents,TalkingParents Helps Co.,Talking Parents | TalkingParents Helps Co.,,
tylerteaches.com,Tyler teaches com,,Tyler teaches com,,
beautyblueprintllc.com,Beauty Blueprint LLC.,Beauty Blueprint LLC.,Beauty Blueprint LLC. | Beauty Blueprint,,
royaltylandscapinganddesign.com,Royalty Landscaping & Design,Royalty Landscaping & Design Inc.,Royalty Landscaping & Design | Royalty Landscaping & Design Inc.,,
lorettola.org,Lady of Loretto Parish,,Lady of Loretto Parish | Lady of Loretto Church | Lady of Loretto | Loretto LA,,
bluestreakgrinding.com,Blue Streak Grinding,,Blue Streak Grinding | Blue Streak | Bell Helicopter Textron Inc.,,
shiftflg.com,Shift Kitchen & Bar,,Shift Kitchen & Bar | Shift FLG,,
ihostnewyork.com,IHOST Newyork,,IHOST Newyork | FULL CIRCLE INC.,,
pastorecompany.com,Pastore Houldsworth & Co.,Pastore Houldsworth & Co.,Pastore Houldsworth & Co. | Pastore Houldsworth & Co. LLC. | Pastorecompany,,
reignvolleyball.com,Reign Volleyball,,Reign Volleyball,,
atlanticsltd.com,Atlanticsltd,,Atlanticsltd,,
pearlcorker.wordpress.com,The Guinea Pig Generation,,The Guinea Pig Generation,,
ercc.biz,Elkins Rehabilitation & Care Center,,Elkins Rehabilitation & Care Center | ERCC,,
pacificelectric.biz,Pacific Electric Inc.,Pacific Electric Inc.,Pacific Electric Inc. | Pacific Electric | Electrical Testing & Maintenance Service Inc.,,
jerkkingsnj.com,Jerk Kings Smoke & BBQ,,Jerk Kings Smoke & BBQ,,
fynres.com,Fyn Real Estate Services,,Fyn Real Estate Services,,
jointguard.com,Joint Guard,,Joint Guard,,
hudsonlux365.com,Hudson Lux,,Hudson Lux,,
highbrow-beauty.com,Permanent Makeup Skin by Tasia,,Permanent Makeup Skin by Tasia,,
leahyfamilydentistry.com,Leahy Family Dentistry,,"Leahy Family Dentistry | Leahy,,
therealbcmg.com,BLUE COLLAR MUSIC GROUP,,BLUE COLLAR MUSIC GROUP,,
southsidedentalcare-dentalclinic.business.site,Southside Dental Care Dental Clinic,,Southside Dental Care Dental Clinic | Southside Dental Care,,
cavachonsofoklahoma.com,Cavachons of Oklahoma,,Cavachons of Oklahoma,,
spots.edu,S.P.O.T.S.,,S.P.O.T.S.,,
hyhp.org,HYHP,,HYHP | Hawai'i Young Healthcare Professionals,,
snugharborca.com,Snug Harbor,,Snug Harbor,,
sandiegorealestatejobs.net,ZipRealty,,ZipRealty,,
techsynario.com,Tech Synario,,Tech Synario,,
jonfoxmusic.com,Jon Fox Music,,Jon Fox Music,,
amlimdrmarina.com,AMLI Marina Del Rey,,AMLI Marina Del Rey,,
harvardpsc.com,Palestine Solidarity Committee,,Palestine Solidarity Committee | Harvard College Palestine Solidarity Committee | Harvard psc,,
intfloors.com,Interior Flooring Solutions,,Interior Flooring Solutions,,
fkideas.com,F.K Ideas,,F.K Ideas | M&B Footwear Pvt. Ltd.,,
down-southmoving.business.site,Down South Moving,,Down South Moving,,
pcinapa.com,PCI Napa,,PCI Napa | Parts Center Inc.,,
timothyburger.com,Timothy Burger,,Timothy Burger,,
cepstone-llc.com,CEPStone LLC.,CEPStone LLC.,CEPStone LLC.,,
rubpage.com,Body rub by Massage 213,,Body rub by Massage 213 | Bodyrub,,
shootmethevin.com,Shoot Me The Vin,,Shoot Me The Vin,,
haciendailusionpr.com,Hacienda Ilusion,,Hacienda Ilusion | Hacienda IlusiÃ³n | Haciendailusionpr,,
rrrobotictec.com,R&R ROBOTIC TECHNOLOGY,,R&R ROBOTIC TECHNOLOGY | R&R ROBOTIC TECHNOLOG | R&R Robotics,,
kickitupquilting.com,Kick It Up Quilting,,Kick It Up Quilting | Kick It Up Quilting2,,
kaylabeehler.com,Kayla Beehler,,Kayla Beehler | Ashcroft Inc.,,
coloradolivingblog.com,Colorado Living,Windermere Services Company,Colorado Living | Colorado Living blog | Windermere Local | Windermere Services Company,,
pearlandcounseling.com,Life 360 Solutions,,Life 360 Solutions,,
nynjelevator.com,NY NJ Elevator Corp.,NY NJ Elevator Corp.,NY NJ Elevator Corp. | Nynjelevator | NY NJ Elevator Co. | NJ Elevator Corp.,,
flash-wingo.com,Flash Wingo Comics,,Flash Wingo Comics | Flash Wingo,,
crawfordproduction.com,Crawford Production,,Crawford Production,,
downeygroupllc.com,Downey Group LLC.,Downey Group LLC.,Downey Group LLC. | The Downey Group | All Division Commercial Products LLC.,,
two2brew.com,Two2Brew,,Two2Brew,,
fanbladedesigns.com,Fan Blade Designs,,Fan Blade Designs | Fan Sox,,
calcoastjewelryappraisers.com,Cal Coast Jewelry Appraisers,Cal Coast Jewelry Appraisers Inc.,Cal Coast Jewelry Appraisers | Cal Coast Jewelry | Cal Coast Jewelry Appraisers Inc.,,
romangalloway.com,Roman Galloway,,Roman Galloway,,
paysonhandyman.com,Better Way Homes,,Better Way Homes,,
impaxinc.com,IMPAX INC.,IMPAX INC.,IMPAX INC. | Impax Corp.,,
smartdivorcestrategy.com,Smart Divorce Strategy,,Smart Divorce Strategy,,
paigeleblanc.com,PAIGE LEBLANC,,PAIGE LEBLANC,,
whaleygfx.com,WHALEY GFX,WHALEY GFX LLC.,WHALEY GFX | WHALEY GFX LLC.,,
northwest-georgia-regional-commission.business.site,Northwest Georgia Regional Commission,,Northwest Georgia Regional Commission,,
meskauskis.com,Meskauskis,,Meskauskis | Neil Meskauskis,,
paradiseatlasttravel.com,Brandi Cutrell,,Brandi Cutrell,,
longrealty.com,Long Realty Blog,Long Realty Co.,Long Realty | Long Realty Blog | Buying a Home with Long Realty Company | Long Realty Company | Long Realty Co.,,
rainbowphillyweddingofficiants.com,Rainbow Philly Wedding Officiants,,Rainbow Philly Wedding Officiants | Rainbow Philly Wedding,,
defioptions.org,DeFi Options,,DeFi Options,,
dionisioducusin.com,Dionisio Ducusin,,Dionisio Ducusin,,
gkama.com,Gonzalez Karate Academy,,Gonzalez Karate Academy,,
shmstudios.com,SHM Studios,,SHM Studios,,
mutterpasshuellen.eu,Geschenke zur Schwangerschaft,,Geschenke zur Schwangerschaft,,
myparee.com,Coach AWE LLC.,Coach AWE LLC.,Coach AWE LLC. | Coach Awe,,
floridaloansigning.com,Florida Loan Signing,FLORIDA LOAN SIGNING LLC.,Florida Loan Signing | FLORIDA LOAN SIGNING LLC.,,
2020relining.com,20 20 Relining,,20 20 Relining | 20 20 Rooter & Relining,,
urtubiavielma.com,URTUBIA & VIELMA,URTUBIA & VIELMA LLC.,URTUBIA & VIELMA | URTUBIA & VIELMA LLC.,,
fortlaudedalepsychic.com,Twin flame psychic,,Twin flame psychic,,
glovemitten.com,Men's Mittens,,Men's Mittens | Mittens,,
the-chimneymasters.com,THE CHIMNEY MASTERS,,THE CHIMNEY MASTERS | The Chimney Masters - Cypress,,
themasker.com,The Masker,The SID Masker Inc.,The Masker | Masker | The SID Masker Inc. | SID Masker Inc.,,
banconex.com,Banconex,,Banconex,,
lynnavo.com,LYNNA VO,,LYNNA VO,,
sewardlostlakelodge.com,Seward Lost Lake Lodge,,Seward Lost Lake Lodge | Lost Lake Lodge,,
nbwatergardens.com,Nature's Beauty Water Gardens,,Nature's Beauty Water Gardens | Nbwatergardens,,
forsythvet.com,Forsyth Veterinary Hospital,,Forsyth Veterinary Hospital | Forsyth Veterinary,,
coffee-homemachines.club,Coffee-Homemachines,,Coffee-Homemachines | Northecomm LLC.,,
winecheeseandfivemoreminutes.com,Wine Cheese and Five more Minutes,,Wine Cheese and Five more Minutes | Wine Cheese,,
ngchm.net,NG-CHM,,NG-CHM | NG-CHMs,,
clarionstl.com,Clarion Marketing,,Clarion Marketing,,
tornadobaseball.com,Tornado Baseball Tarining,,Tornado Baseball Tarining | Tornado Baseball,,
mendiolagardening.com,Mendiola's Gardening,,Mendiola's Gardening | Mendiolaâ€™s gardening - Home,,
academyofamazement.com,Academy Of Amazement,Academy of Amazement LLC.,Academy Of Amazement | Academy of Amazement LLC.,,
yjlashstudio.com,YJ EYELASH,YJ Eyelash Inc.,YJ EYELASH | YJ Eyelash Inc.,,
kcc.org,Kcc Tibetan Buddhist Center,KAGYU CHANG CHUB CHULING CHURCH CORPORATION,Kcc Tibetan Buddhist Center | KAGYU CHANG CHUB CHULING CHURCH CORPORATION,,
goldenscrollsoloists.com,Golden Scroll Soloists,Siman Tov Mazel Tov.,Siman Tov. | Siman Tov Mazel Tov. | Simon Tov Chosen Kalle Mazel Tov. | Golden Scroll Soloists | Simon Tov.,,
hautesalonjc.com,Haute Salon,,Haute Salon | Haute Salon - Home,,
thej3group.com,The J3 Group,The J3 Group Inc.,The J3 Group | J3 Group | The J3 Group Inc. | J3 Group Inc.,,
bostonzen.org,Greater Boston Zen Center,GREATER BOSTON ZEN CENTER INC.,Greater Boston Zen Center | Boston Zen | GREATER BOSTON ZEN CENTER INC.,,
amfaviation.com,AMF Aviation,AMF Aviation LLC.,AMF Aviation | AMF Aviation LLC.,,
myfocuspsych.com,My Focus Psychology,GoodWays Consulting Group LLC.,My Focus Psychology | GoodWays Consulting Group LLC.,,
easystreetcookies.com,Easy Street Cookies,,Easy Street Cookies,,
hitsforhomeless.com,Hits for Homeless,,Hits for Homeless,,
sunnova-solar-oakland.business.site,Sunnova Solar Oakland,,Sunnova Solar Oakland,,
secag.org,SECAG,,SECAG | Secure Enterprise Cloud Architecture Group,,
thestonenc.com,Thestonenc,,Thestonenc | The Stone Church | The Stone,,
fuecid.shop,FUECID,,FUECID | Store Group Holdings Ltd.,,
verdantporch.com,The Verdant Porch,,The Verdant Porch | Verdant Porch,,
greggardnersbarbershop.com,Greg Gardner's Barber Shop,,Greg Gardner's Barber Shop | Gardner's Barber | Greg Gardner Barber | Gardner's Barber Shop,,
enigomusic.com,Enigo,,Enigo,,
cifsds.org,CIF San Diego Section,,CIF San Diego Section,,
ericamhill.com,Erica Hill,,Erica Hill,,
charliesproshop.com,Charlies Pro Shop,,Charlies Pro Shop,,
carpetworkshopofohio.com,Carpet Workshop of Ohio,,Carpet Workshop of Ohio | The Carpet Workshop of Ohio,,
hawaii432.com,Lae Nani 432,,Lae Nani 432 | Enchanting Lae Nani Condo,,
serenapezzato.com,Serena Pezzato,,Serena Pezzato,,
hiddenforestdesign.com,Hidden Forest Design,,Hidden Forest Design | Hidden Forest Floral Design | Hidden Forest,,
themacks.wordpress.com,God Change,,God Change,,
roland4fairview.com,ROLAND FELDMAN,,ROLAND FELDMAN,,
ameecleaning.com,Amee Cleaning,,Amee Cleaning | Amee Cleaning Janitorial Services,,
reeleminbaitandtackle.com,Reel 'Em In Bait & Tackle,,Reel 'Em In Bait & Tackle,,
pd2llc.com,Process Design Development,,Process Design Development,,
bluemercury.com,Bluemercury,Bluemercury Inc.,Bluemercury | Bluemercury Inc.,,
lodgelivin.com,LodgeLivin,,LodgeLivin,,
greenbikerentals.com,Green Bike Rentals,,Green Bike Rentals | Green Bike,,
mrdurant.weebly.com,Mr. Durant Science,,Mr. Durant Science | Mr. Durant,,
sceniclandscaping.net,Scenic Landscaping,,Scenic Landscaping,,
2701jamesmwood.com,2701 James M wood,,2701 James M wood,,
gentzlerelectric.com,Gentzler Electric,Gentzler Electrical Services Inc.,Gentzler Electric | Gentzler Electrical Services Inc. | Gentzler Electric LLC. | Gentzler Electrical Svc Inc,,
deperevfw.net,De Pere VFW,,De Pere VFW | De Pere VFW Post,,
cancersupportdelaware.org,Cancer Support Community Delaware,,Cancer Support Community Delaware | Cancer Support Group | Cancer Support Community,,
maddux.pro,MADDUX,,MADDUX | MADDUX Pro-Wash,,
healthtrustpg.com,HealthTrust Product and Technology,Health Trust,Healthtrustpg | HealthTrust Supply Chain | HealthTrust Product and Technology | HealthTrust Product & Technology | HealthTrust Performance Group | Health Trust | HealthTrust's,,
cityofmountlaketerrace.com,Mountlake,,Mountlake,,
mghomeremodelling.info,M&G Home Remodeling,,M&G Home Remodeling,,
aspecialtouchflorist.net,A Special Touch Florist,,A Special Touch Florist,,
clockinc.org,Clock Inc.,Clock Inc.,Clock Inc. | Free Clock Inc.,,
vividsalonmadison.com,Vivid Inc.,Vivid Inc.,Vivid Inc. | Vivid salon,,
brooklyntreecompany.com,Brooklyn Tree Company,Brooklyn Tree Company,Brooklyn Tree Company | Brooklyn Tree,,
ordercrustandbuns.com,Crust & Buns,,Crust & Buns,,
peakdds.com,Peak Dental,,Peak Dental,,
aetheradvisors.com,Aether Advisors,AETHER ADVISORS LLC.,Aether Advisors | AETHER ADVISORS LLC.,,
morrisholmes.com,Morris Holmes & Co.,Morris Holmes & Co.,Morris Holmes & Co. | Morris Holmes & Co. Inc.,,
rfacapitalcorp.com,RFA Capital,RFA Capital Corp.,RFA Capital | RFA Capital Corp.,,
liverpoolchurch.com,Liverpool Community Church,,Liverpool Community Church,,
govirtualoffice.com,goVirtualOffice LLC.,goVirtualOffice LLC.,goVirtualOffice LLC. | Govirtualoffice,,
mygentxt.org,MyGenTxt,,MyGenTxt,,
christinereidphotography.com,Christine Reid Photography,,Christine Reid Photography | Christine Reid | Christine Reid Princ,,
carolynlewismed.com,Carolyn Lewis M,,Carolyn Lewis M | Carolyn,,
ilikeflatroofs.com,I Like Roofing,,I Like Roofing,,
the-greenwich.com,The Greenwich,,The Greenwich,,
hillcreststoragetn.com,Hillcrest Storage,,Hillcrest Storage,,
myapexhomeinspection.com,Apex Home Inspection,,Apex Home Inspection,,
aether-multimedia-llc.business.site,Aether Multimedia Productions LLC.,Aether Multimedia Productions LLC.,Aether Multimedia Productions LLC.,,
medicalcoatings.org,Medical coatings,,Medical coatings,,
rjssigns.com,RJ's Signs,RJ's Signs & Designs LLC.,RJ's Signs | RJ's Signs & Designs LLC.,,
kathrynanndesigns.com,Kathryn Ann Designs,SpitFire Petite Inc.,Kathryn Ann Designs | SpitFire Petite Inc.,,
cahabacreative.com,Cahaba Creative Web Solutions,Cahaba Creative Web Solutions & Graphic Designs LLC.,Cahaba Creative Web Solutions | Cahaba Creative | Cahaba Creative Web Solutions & Graphic Designs LLC.,,
kns-construction.com,KNS Construction,,KNS Construction,,
spynewsletter.com,Spy Newsletter,,Spy Newsletter,,
veritassynergetic.com,Veritas Synergetic,,Veritas Synergetic,,
fortcollinsshowerdoor.com,Fort Collins Shower Door,,Fort Collins Shower Door,,
yroox.com,Yroox,,Yroox,,
ravenshire-llc.com,Ravenshire LLC.,Ravenshire LLC.,Ravenshire LLC.,,
dentaltalentnow.com,Dental Talent Now,Dental Talent Now LLC.,Dental Talent Now | Dental Talent Now LLC. | Elite Sourcer LLC. | Armatic Inc.,,
cumberland-river.com,Cumberland River,,Cumberland River,,
galleongc.com,Galleon contracting,"Galleon Contracting, LLC",,
lalupitaberwyn.net,La Lupita,,La Lupita,,
archaeology.virginia.edu,Interdisciplinary Archaeology Program,European exploration. SHA.,Interdisciplinary Archaeology Program | Archaeology | European exploration. SHA. | Archaeology SAA.,,
openairchair.com,Open Air Chair Repair,,Open Air Chair Repair | Open Air Chair,,
artworkbydoyle.com,Artwork by Doyle,,Artwork by Doyle,,
loudandclaire.com,Loud and Claire,,Loud and Claire | Loud and Claire Voiceover | Vida Health Inc.,,
muhlbauerlab.com,Muhlbauer Dermatopathology,,Muhlbauer Dermatopathology | Muhlbauer Dermatopathology Lab,,
liveatmontclairapt.com,The Michaels Organization,,The Michaels Organization,,
plumbingbydlt.com,Plumbing by DLT,,Plumbing by DLT,,
monahanclinics.com,Monahan Chiropractic Medical Clinics,,Monahan Chiropractic Medical Clinics | Monahan Chiropractic | Monahan Clinics | Monahan Chiropractic Medical,,
vpropertysolutions.com,Vantage Property Solutions LLC.,Vantage Property Solutions LLC.,Vantage Property Solutions LLC. | Vantage Property Solutions,,
fineartsbiz.com,FineArtsBiz,,FineArtsBiz | Fine Mata Ortiz Ceramics,,
shakeprosolutions.com,SHAKE PRO SOLUTIONS LLC.,SHAKE PRO SOLUTIONS LLC.,SHAKE PRO SOLUTIONS LLC. | Shake PRO Solutions,,
hallmemphis.org,Minglewood Hall Tickets,,Minglewood Hall Tickets,,
imperiumstrategiesllc.com,Imperium Public Strategies,Imperium Public Strategies LLC.,Imperium Public Strategies | Imperium Public Strategies LLC.,,
17thstreetthaisushifl.com,17th Street Thai Sushi,,17th Street Thai Sushi | 17th St Thai sushi 17th Street Thai sushi,,
lisinoprilfst.com,LisinoprilFST,,LisinoprilFST,,
imageworksdirect.com,Image Works,Image Works Ltd.,Image Works | Image.works financial | Image Works Ltd. | Image.works Inc.,,
dafacargo.com,DAFA CARGO,DAFA CARGO LLC.,DAFA CARGO | DAFA CARGO LLC. | DAFA LOGISTICS LLC.,,
sushirawsf.com,Sushi Raw 4,,Sushi Raw 4 | Sushi Raw,,
royalinvestmentgroupinc.com,ROYAL INVESTMENT GROUP INC.,ROYAL INVESTMENT GROUP INC.,ROYAL INVESTMENT GROUP INC.,,
coastaldefense.business.site,Coastal Defense LLC.,Coastal Defense LLC.,Coastal Defense LLC. | Coastal Defense,,
yokohamayakitorikoubou.com,Yokohama Yakitori Koubou,,Yokohama Yakitori Koubou,,
melatee.com,Melatee,,Melatee,,
sheetmetallocal399.com,Sheet Metal Workers International Association Local 399,Sheet Metal Workers Union,Sheet Metal Workers International Association Local 399 | Sheet Metal Workers Union,,
sherricornett.com,Sherri Cornett,,Sherri Cornett,,
wilkins-grocery.edan.io,Wilkins Grocery,,Wilkins Grocery,,
earthagent.org,Earth Agent,,Earth Agent,,
johnsoncreekrvresort.com,Johnson Creek RV Resort,,Johnson Creek RV Resort | Johnson Creek RV Resort & Park,,
tangles-salon.com,Tangles-salon,,Tangles-salon,,
allcleanhomes.com,All Clean Homes,,All Clean Homes,,
logansquarelaundry.com,Logan Square Laundry,,Logan Square Laundry,,
artandglamstudio.com,Art Glam Studio,Art & Glam Studio LLC.,Art Glam Studio | Art & Glam Studio LLC. | Glam Studio LLC.,,
castor-group.com,Castor Group LLC.,Castor Group LLC.,Castor Group LLC. | Castor Group,,
completecaredevelopmentcenter.com,Complete Care Development Center LLC.,Complete Care Development Center LLC.,Complete Care Development Center LLC. | Complete Care Development Center | Complete Care Develo,,
grpinsurance.com,Global Risk Partners Insurance,Global Risk Partners LLC.,GRP Insurance | Global Risk Partners Insurance | Risk Partners LLC. | Global Risk Partners LLC. | Global Risk Partners,,
uomosport.com,Uomo Sport,,Uomo Sport,,
apollostreams.com,Apollo Streams,Apollo Streams Inc.,Apollo Streams | Apollo Streams Inc.,,
interstatetruck.com,Interstate Truck Equipment Inc.,Interstate Truck Equipment Inc.,Interstate Truck Equipment Inc. | Interstate Truck Equipment | Interstate Truck & Auto Svc. | Interstate Truck,,
studiobsalon.net,Studio B Salon,,Studio B Salon,,
satyasilence.com,Satya Silence,,Satya Silence,,
msconfinance.com,Ms. Confinance,,Ms. Confinance,,
behindthewhitebeard.com,Behind the White Beard,Behind The White Beard LLC.,Behind the White Beard | Behind The White Beard LLC.,,
lineoftecnologia.com,Line Of Tecnologia,,Line Of Tecnologia,,
valezio.com,Valezio,,Valezio,,
assemblyninja.com,Assembly ninjas,,Assembly ninjas,,
wombatworks.org,Wombat Works,Wombat Works LLC.,Wombat Works | Wombat Works LLC.,,
jackjewelryinc.com,Jack Jewelry,,Jack Jewelry,,
garrettwietholter.com,Garrett Wietholter,Garrett Wietholter Ins Agy Inc.,Garrett Wietholter | Garrett Wietholter - State Farm Insurance Agent | Garrett Wietholter Ins Agy Inc.,,
crossroadsrvpk.com,Crossroads RV Park,,Crossroads RV Park,,
mogreenway.com,Greenway Magazine,Kansas City Cannabis Co.,Greenway Magazine | Greenway Media | Kansas City Cannabis Co.,,
gallerycollage.com,Gallery Collage,,Gallery Collage,,
creativehealthplans.com,Creative Health Plans,,Creative Health Plans,,
mbcollegeguidance.com,Mbcollegeguidance,,Mbcollegeguidance,,
statelinekids.com,Stateline Kids,,Stateline Kids,,
rvcoc.org,River Vallet Community Outreach Center,,River Vallet Community Outreach Center | River Valley Community Outreach Center,,
limitlesscounselingservices.com,Limitless Counseling Services,,Limitless Counseling Services,,
sullivanswcd.org,Sullivan County Soil Water Conservation District,,Sullivan County Soil Water Conservation District | Sullivan County Soil & Water,,
vickcarneylaw.com,Vick Carney,Vick Carney LLP.,Vick Carney | Vick Carney LLP.,,
rustyskate.com,Rusty Skate,Rusty Skate - Broken Jar LLC.,Rusty Skate | Rusty Skate - Broken Jar LLC. | Broken Jar LLC.,,
miqrotech.com,mIQrotech,,mIQrotech,,
moorecapitalservices.net,Moore Capital Services,,Moore Capital Services,,
abbevillecalendar.com,Abbeville Calendar,,Abbeville Calendar,,
homeworkninjas.com,Homework Ninjas,,Homework Ninjas,,
themarketinggroupaz.com,Themarketinggroupaz,,Themarketinggroupaz | The Marketing Group,,
busiup.com,BusiUp,,BusiUp,,
focusmedicalbillingservices.com,Focus Medical Billing Services,Focus Medical Billing Svc. Llc,Focus Medical Billing Services | Focus Medical Billing Svc. Llc,,
riolentoranch.com,Rio Lento Ranch,,Rio Lento Ranch,,
thephotoboothunlimited.com,PhotoBooth Unlimited,PhotoBooth Unlimited LLC.,PhotoBooth Unlimited | PhotoBooth Unlimited LLC. | Thephotoboothunlimited,,
asuzus.com,Asuzus,,Asuzus,,
brilliantcityreiki.com,Brilliantcityreiki,,Brilliantcityreiki | Brilliant City,,
drtompastor.com,Dr. Tom Pastor,Pinnacle Chiropractic Inc.,Dr. Tom Pastor | Pinnacle Chiropractic Inc.,,
cheftea.com,Chef Tea,,Chef Tea,,
familyintimacy.com,Family Intimacy,Family Intimacy PLLC,Family Intimacy | Family Intimacy PLLC | Home for Family Intimacy PLLC,,
sanchez-lawn-care-and-landscaping-services.business.site,Sanchez Lawn Care and Landscaping Services,,Sanchez Lawn Care and Landscaping Services | Sanchez Lawn Care & Landscaping Services - Home | Sanchez lawn care,,
rollmanconyers.com,ROLLMAN & CONYERS LLC.,ROLLMAN & CONYERS LLC.,ROLLMAN & CONYERS LLC. | ROLLMAN & CONYERS | ROLLMAN CONYERS L | ROLLMAN &amp CONYERS LLC.,,
happydaycreations.net,Happy Day Creations,Happy Day Creations LLC.,Happy Day Creations | Happy Day Creations LLC.,,
valleymedicalinstitute.com,Valley Medical Institute,Valley Medical Institute,Valley Medical Institute | Valley Medical,,
designedbycarla.com,Designedbycarla,,Designedbycarla | Designedbycarla Marketing Agency,,
gambittechconsulting.com,Gambit TC,,Gambit TC | GAMBIT TECHNOLOGY CONSULTING,,
balancedwellnessami.com,Balanced Wellness,,Balanced Wellness,,
totalseal.com,Total Seal Piston Rings,Total Seal Inc.,Total Seal Piston Rings | Total Seal | Total Seal Inc.,,
neomedia-dg.com,Neomedia Design Group,,Neomedia Design Group | Neomedia Design Group - Home,,
webranium.co.uk,Webranium,,Webranium,,
nsea.org,NE State Education NSEA,,NE State Education NSEA | NSEA | Nsea Voice,,
rmiflooring.com,RM Interiors,RM Interiors LLC.,RM Interiors | RM Interiors LLC. | RM Interiors & Design,,
hypnosishealthworks.com,Nancy Epstein Hypnosis HealthWorks,Joy Beland LA IT GIRL LLC.,Nancy Epstein Hypnosis HealthWorks | Hypnosis HealthWorks | Joy Beland LA IT GIRL LLC.,,
mrsbecerra.com,Mrs. Becerra,,Mrs. Becerra | Mrs. Becerra's Class,,
mahoganyvacations.com,MAHOGANY VACATIONS,,MAHOGANY VACATIONS,,
hericonstructionllc.com,Heri Construction,,Heri Construction,,
lealvideoproductions.com,Leal Video Productions,,Leal Video Productions,,
1vandegraaff.com,1 Van de Graaff,,1 Van de Graaff | Van de Graaff,,
sofloweb.com,SoFloWeb,,SoFloWeb,,
lequedagua.com,Lequedagua,Cbd Oilrank Inc.,Lequedagua | Cbd Oilrank Inc.,,
thedoorse.com,The Door Southeast San Antonio,,The Door Southeast San Antonio,,
bintiboutique.llc,Binti Boutique,,Binti Boutique,,
nationalcarousels158.com,National Carousels,,National Carousels,,
michaelskuceradentistry.com,Jill Michaels Dds,,Jill Michaels Dds,,
briggsmobiledetailing.com,Briggs Mobile Detailing,,Briggs Mobile Detailing,,
buchanan-edwards.online,Buchanan-edwards.online,,Buchanan-edwards.online,,
peacefulwolftaichi.com,Peaceful Wolf Tai,,Peaceful Wolf Tai | Peaceful Wolf T'Ai Chi Ch'uan,,
castoreclothing.com,Castoreclothing,,Castoreclothing,,
theblueprintshop.com,The Blueprint Shop LLC.,The Blueprint Shop LLC.,The Blueprint Shop LLC. | The Blueprint Shop | Blueprint Shop,,
ogcut.com,OG Barber,,OG Barber,,
wordofgodokc.com,Word of God Church OKC,,Word of God Church OKC | Word of God Church | The Word of God Church,,
angelabrite.com,Angela Brite,Paralegal Certification Corp,Angela Brite | Paralegal Certification Corp,,
worldsframedbywords.com,Worlds Framed By Words,,Worlds Framed By Words | Worlds Framed By,,
bigdiamondpools.com,Big Diamond Pools,,Big Diamond Pools,,
beehivebargains.com,Beehive Bargains,,Beehive Bargains,,
elegantdjservices.com,Elegant Dj Services,,Elegant Dj Services,,
onsa.net,Oregon Neighborhood Store Association,Oregon Neighborhood Store Association,Oregon Neighborhood Store Association | ONSA,,
108production.com,108 PRODUCTION,ANM Global Inc.,108 PRODUCTION | ANM Global Inc.,,
sanfranciscowinecenter.com,SF Wine Center,Indie Wine Company,SF Wine Center | San Francisco Wine Center | Indie Wine Company,,
jmbusinesspartners.com,JM Business Partners,JM Business Partners LLC.,JM Business Partners | JM Business Partners LLC.,,
brian-hollenbeck.com,Brian Robert Hollenbeck,,Brian Robert Hollenbeck | Brian hollenbeck | Video Update Inc.,,
oldtraditiontattoo.com,OLD TRADITION TATTOO,,OLD TRADITION TATTOO | Old Tradition Tattoo - Home,,
troychurch.net,Troy Church,,Troy Church | TroyChurchofC,,
ergoactives.com,Ergoactives,Ergoactives Llc.,Ergoactives | Ergoactives Llc.,,
sben.org,Southeast Benefits Education Network,,Southeast Benefits Education Network | Southeast Benefits Education | SBEN,,
pastashopfresh.com,Pasta Shop Wholesale,,Pasta Shop Wholesale | The Pasta Shop,,
curtistaylorart.com,Curtis Taylor,,Curtis Taylor | Curtis Taylor | Guitarist,,
infinitiofsouthatlanta.com,INFINITI of SOUTH,,INFINITI of SOUTH | INFINITI of SOUTH ATLANTA,,
sagacitystays.com,Sagacity Stays,Ssgacity Stays LLC.,Sagacity Stays | Ssgacity Stays LLC.,,
topbricole.site,Topbricole,,Topbricole,,
torget.org,Torget,,Torget,,
smilesbygateway.com,Gateway Dental,,Gateway Dental,,
hightechautoservicesantamonica.com,High Tech Auto Service,,High Tech Auto Service | High Tech Auto Service Santa Monica,,
rhcapco.com,R-H Capital Partners,,R-H Capital Partners | RH Capital,,
timhalberg.com,Tim Halberg,,Tim Halberg | Yosemite Wedding Photographer Tim Halberg | Tim Halberg Timhalberg,,
mytomisushi.com,Tomi Sushi,,Tomi Sushi,,
drrudlin.com,Dr. Rudlin,,Dr. Rudlin,,
woodstocklodge246.org,Woodstock Masonic Lodge 246,,Woodstock Masonic Lodge 246 | Woodstock Masonic Lodge,,
teambuildergroup.com,Team Builder Group,Team Builder Group LLC.,Team Builder Academy | Team Builder Space Limited | Team Builder | Team Builder Group LLC. | Team Builder Group | Team Builder Space Inc.,,
oceancurrent.com,Ocean Current,,Ocean Current,,
hangtownkc.org,Hangtown Kennel Club,,Hangtown Kennel Club,,
perspicacitylabs.com,Perspicacity Labs,Perspicacity Labs LLC.,Perspicacity Labs | Perspicacity Labs LLC.,,
oneforallartists.com,One For All,,One For All | One for All Artists,,
realtorhsu.net,Christine Hsu REALTORÂ®,,Christine Hsu REALTORÂ®,,
phalanxgrpservices.org,Phalanx Family Services,,Phalanx Family Services | Phalanxfamilyservice,,
smallislandent.com,Small Island Services,,Small Island Services,,
bettygb.com,Bettendorf Youth Girls Basketball,,Bettendorf Youth Girls Basketball,,
penchiroclinic.com,Peninsula Chiropractic,,Peninsula Chiropractic | Peninsula Chiropractic Clinic,,
usconstructgroup.com,US Construct Group,US Construction Group Inc.,US Construct Group | US Construction Group Inc. | US Construction Group,,
jettbt.com,JETT Business Technology,,JETT Business Technology | UniSys Corporation,,
hellorichmond.net,HelloRichmond,,HelloRichmond,,
ncca-inc.com,Cloggers Association Inc.,Cloggers Association Inc.,Cloggers Association Inc. | Northern California Cloggers Association Inc. | California Cloggers Association Inc.,,
1stamc.com,1st American Mortgage Corporation,1st American Mortgage Corporation,1st American Mortgage Corporation,,
millarandsons.net,Millar and Sons Inc.,Millar and Sons Inc.,Millar and Sons Inc. | Millar and Sons,,
frenchlakeautoparts.com,French Lake Auto Parts Inc.,French Lake Auto Parts Inc.,French Lake Auto Parts Inc. | French Lake Auto Parts,,
hotlink2019.com,HOTLINK2019,,HOTLINK2019,,
beautifulbodybabes.com,Beautiful Body Babes,,Beautiful Body Babes,,
xpressbenefits.net,Xpress Benefits,,Xpress Benefits,,
smv-inc.com,SMV Consulting Sevices,Smv Consulting Inc.,SMV Consulting Sevices | Smv Consulting Inc.,,
scottsbluffcountyscanner.com,Scotts Bluff County Scanner,,Scotts Bluff County Scanner | Bluff County,,
virtekcompany.com,VIRTEK COMPANY,VIRTEK COMPANY,VIRTEK COMPANY | Virtek,,
shah-impex.com,Shah Impex,,Shah Impex | Shah-Impex ShahImpex,,
hairdesigners-hairsalon.business.site,Hair Designers Hair Salon,,Hair Designers Hair Salon | Hair Designers,,
floraottimer.com,Flora Ottimer,Flora Ottimer LLC.,Flora Ottimer | Flora Ottimer LLC. | Flora Ottimer Children's Boutique | Pandawear Corp.,,
hueboost.com,Hue Boost,Hue Boost LLC.,Hue Boost | Hue Boost LLC.,,
karrgroupco.com,Karrgroupco,Platinum Energy USA LLC.,Karrgroupco | Karr Group | Platinum Energy USA LLC.,,
stewartgrain.com,Stewart Grain,Stewart Grain Co.,Stewart Grain | Stewart Grain Co. | Stewart Grain Co. Inc.,,
mannexcavating.com,Mann Excavating,Mann Excavating Inc.,Mann Excavating | Mann Excavating Inc.,,
acornlawpc.com,Acorn Law P.C.,Acorn Law P.C.,Acorn Law P.C. | Acorn Law | Acorn Law P,,
gametableadventures.com,Game Table Adventures,GAME TABLE ADVENTURES LLC.,Game Table Adventures | GAME TABLE ADVENTURES LLC.,,
tevisdenise.com,Tevis Denise,,Tevis Denise | TEVIS DENISE Realtor,,
americanguardrailsupply.com,American Guardrail Supply,,American Guardrail Supply | American GuardRail Supply American Guard Rail Supply | American GuardRail,,
carrettausa.com,Carretta USA,Carretta USA Inc.,Carretta USA | Carretta USA Inc.,,
reveportraits.com,Reve Portraits,Reve Portraits Ltd.,Reve Portraits | Reve Portraits Ltd.,,
centurywebdesign.net,Century Web Design,,Century Web Design,,
tambasamba.design,Tamba Samba,,Tamba Samba,,
globaltrustbnk.com,Global Trust Bank,,Global Trust Bank,,
figlass.biz,FIglass,,FIglass,,
bigtransformerbushings.com,Big Transformer Bushings,,Big Transformer Bushings,,
sapphiresleepovers.squarespace.com,SapphireSleepovers Philipsburg Montana,SapphireSleepovers LLC.,SapphireSleepovers Philipsburg Montana | SapphireSleepovers | SapphireSleepovers LLC.,,
diecutstickers.com,Die Cut Stickers,Medford Technologies Inc.,Die Cut Stickers | Medford Technologies Inc.,,
davidprieto.realestate,Sync Brokerage,,Sync Brokerage,,
lgcountryschool.com,Long Grove Country School,,Long Grove Country School | Long Grove Country School - LGCS,,
bettoli.realtor,Bettoli Real Estate,Bettoli Real Estate LLC.,Bettoli Real Estate | Bettoli | Bettoli Real Estate LLC.,,
feltgoodmusic.com,Feltgood Music,,Feltgood Music | Feltgood,,
yogawithorly.com,Yoga with Orly,,Yoga with Orly,,
htiyos.com,Htiyos,,Htiyos,,
ohanaconsulting.net,Ohana Management Consulting,,Ohana Management Consulting | OhanaConsulting,,
tefftfoundation.com,Tefft Foundation,,Tefft Foundation,,
dorsettchapel.org,Dorsett Chapel,,Dorsett Chapel | Dorsett Chapel UCC,,
fine-art-construction.business.site,Fine art construction,,Fine art construction,,
thatpaintgirl.com,That Paint Girl,,That Paint Girl | That Paint,,
returndeals.net,Returns Deals Inc. | Wholesalers liquidator | Sell Your Inventory,Return Deals Inc.,Return Deals Inc. | Return Deals | Returns Deals Inc. | Wholesalers liquidator | Sell Your Inventory | Return Deals at Return Deals | Returns Deals Inc.,,
kccashbuyer.com,KC Cash Buyer,,KC Cash Buyer,,
velabrand.com,VELA brand,,VELA brand | Velabrandco,,
amplifiedconcepts.com,Amplified Concepts,,Amplified Concepts,,
hillartistry.com,Hill Artistry,,Hill Artistry | Hill Artistry 360.926.8426,,
lesliehaywood-moore.online,Leslie Haywood-Moore,Moore Real Estate Co.,Leslie Haywood-Moore | Moore Real Estate Co.,,
timemusicgroupnyc.com,Time Music Group,TIME MUSIC GROUP LLC.,Time Music Group | TIME MUSIC GROUP LLC.,,
antiochassistedliving.com,The Residences Antioch,,The Residences Antioch,,
starcomconsulting.com,Starcom Consulting,Starcom Consulting Inc.,Starcom Consulting | Starcom | Starcom Consulting Inc.,,
latinoyouthoutreach.org,Latino Youth Outreach,,Latino Youth Outreach,,
getranx.com,Getranx,,Getranx,,
clovercutsandcolor.com,Clovercutsandcolor,,Clovercutsandcolor,,
annatietzhomes.com,Anna Tietz,,Anna Tietz,,
creativitythroughconstraints.com,Monterusso Made,,Monterusso Made,,
techbarstore.com,Ambar Shop,,Ambar Shop,,
tamalpaistaichi.com,Tamalpais T'ai Chi,,Tamalpais T'ai Chi | Tamalpais T'ai Chi Ch'uan,,
solarecon.wordpress.com,Solarecon,,Solarecon | First Solar Inc. | Solar Inc.,,
pinilishalpern.com,PinilisHalpern,PinilisHalpern LLP.,PinilisHalpern | PinilisHalpern LLP. | Blair Road Realty Holdings LLC.,,
powersfamilymedicine.com,Powers Family Medicine,Powers Family Medicine pllc.,Powers Family Medicine | Powers Family Medicine pllc. | Powers Medical,,
advancenetsupport.com,Advance Network Support,ADVANCE NETWORK SUPPORT INC,Advance Network Support | ADVANCE NETWORK SUPPORT INC,,
marketing-page-lindsey.vercel.app,LifeGPA LLC.,LifeGPA LLC.,LifeGPA LLC. | LifeGPA,,
signaturesportsurfaces.com,Signature Sport Surfaces,,Signature Sport Surfaces,,
chugiak.org,Chugiak-Eagle River Senior Center,Chugiak Senior Citizens Inc.,Chugiak-Eagle River Senior Center | Chugiak Senior Citiz | Chugiak Senior Citizens Inc. | Chugiak Senior Housing Inc.,,
potomaccanine.com,Potomac Canine,,Potomac Canine | Potomac Canine Services,,
marinbaroque.org,Marin Baroque,,Marin Baroque,,
rgaineswebdevelopment.com,RGaines Web Development,,RGaines Web Development,,
mysavagenails.love,My Savage Nails,,My Savage Nails,,
lemongrassmichigan.com,Lemon Grass Thai Restaurant,,Lemon Grass Thai Restaurant,,
crazypokemiami.com,Crazy Poke Wynwood,,Crazy Poke Wynwood | Crazy Poke | Crazy Poke Miami,,
avonnylocksmith.com,Avon New York Locksmith,,Avon New York Locksmith,,
nationalcapitalfitday.com,Black Mold Busters,,Black Mold Busters,,
scentvillage.com,Scent Village,,Scent Village,,
norconindustries.net,Norcon Industries,Norcon Industries Inc.,Norcon Industries | Norcon Industries Inc.,,
biodyn-lifesciences.com,BioDyn Lifesciences,BioDyn Lifesciences Inc.,BioDyn Lifesciences | BioDyn Lifesciences Inc. | Lifesciences Inc.,,
charlesmann-contracting.com,Charles Mann Contracting,,Charles Mann Contracting,,
slrslingshotrentals.com,Slrslingshotrentals,,Slrslingshotrentals | SLR Slingshot rental,,
skinnerdaylilies.com,Skinner Daylilies,,Skinner Daylilies,,
hollytreeservice.net,Holly Tree Service. Inc.,Holly Tree Service. Inc.,Holly Tree Service. Inc. | Holly Tree Service,,
jshs-tn.utk.edu,Tennessee Junior Science and Humanities Symposium,,Tennessee Junior Science and Humanities Symposium,,
gov.aiogoconsultingllc.com,All-in-One Global Consulting,All-in-One Global Consulting LLC.,WHY PARTNER WITH ALL-IN-ONE GLOBAL CONSULTING LLC. | WHY WORK WITH ALL-IN-ONE GLOBAL CONSULTING LLC. | ll-in-One Global Consulting LLC. | All-in-One Global Consulting LLC. | All-in-One Global Consulting | Global Consulting LLC.,,
divinemomentsdaycare.com,Divine Miniature Moments,,Divine Miniature Moments | Divine Miniature Mom,,
forrestpierce.com,Forrest Pierce Composer,,Forrest Pierce Composer | Forrest Pierce,,
dallassurgicalgroup.com,Dallas Surgical Group,,Dallas Surgical Group,,
jsdagency.com,JSD Agency,Jump Start Digital LLC.,JSD Agency | Jump Start Digital LLC.,,
mazalai.com,Mazalai,Mazalai Corp,Mazalai | Mazalai Corp,,
cloudspeed24x7.com,CLOUDSPEED24X7,,CLOUDSPEED24X7,,
rebeccathebadass.com,Rebecca Keating - Life Coach,,Rebecca Keating - Life Coach | Rebecca Keating,,
newasianjuyuan.com,New Asian Ju Yuan,,New Asian Ju Yuan,,
trusted-home-inspection.business.site,Trusted Home Inspection,,Trusted Home Inspection,,
lammrubenstone.com,Lamm Rubenstone,LAMM RUBENSTONE LLC.,Lamm Rubenstone | LAMM RUBENSTONE LLC.,,
indiyoung.com,Indi Young,,Indi Young,,
boyettrecovery.com,Boyett Treatment Center,,Boyett Treatment Center,,
sgdesignshouston.com,SG Designs Houston,,SG Designs Houston,,
bathpeople.com,Bath People,,Bath People,,
jaredshavelson.com,Jared Shavelson,,Jared Shavelson,,
montereypeninsulaelderlyhome.com,Monterey Peninsula Board Care,,Monterey Peninsula Board Care | Montery Peninsula,,
cindywalker.com,Cindy Walker,,Cindy Walker,,
studentvetinsurance.com,James Teague,,James Teague,,
trueaudio.com,True Audio,,True Audio,,
myrtlebeach.city,Myrtle Beach City,,Myrtle Beach City | Myrtle Beach,,
astepabovemb.com,A Step Above Flooring,Step Above LLC.,A Step Above Flooring | A Step Above Flooring - Home | Step Above LLC.,,
strivelacrosseacademy.com,Strive Lacrosse Academy,,Strive Lacrosse Academy,,
gygeneralservices.business.site,G&Y GeneralWashServices Corp.,G&Y GeneralWashServices Corp.,G&Y GeneralWashServices Corp.,,
1laurellane.com,1 Laurel Lane,,1 Laurel Lane,,
bellevueisd.org,Bellevue Independent School District,,Bellevue Independent School District | Bellevue ISD | Bellevue High School,,
allyourblogging.com,APENFT,,APENFT,,
buryservices.com,Bury Services,,Bury Services,,
skylinevisioncare.com,Skyline Vision Care,Walz-Tarkowski O.D.,Skyline Vision Care | Walz-Tarkowski O.D.,,
timberwoodofnaples.org,Timberwood of Naples,,Timberwood of Naples | Timberwood,,
internationalmediasupply.com,International Media Supply,International Media Supply LLC.,International Media Supply | International Media Supply LLC.,,
kourco.com,KourCo,Kourco Environmental Services Inc.,KourCo | Kourco Environmental Services Inc.,,
johnstons-clothiers.business.site,Johnston's Clothiers,,Johnston's Clothiers,,
carissahannumtherapy.com,Carissa.hannum.therapy,,Carissa.hannum.therapy,,
cenladerm.com,Cenla Dermatology,,Cenla Dermatology | CenLaDerm,,
sustainableracine.org,BRP SC Johnson and Butter Buds Inc.,BRP SC Johnson and Butter Buds Inc.,BRP SC Johnson and Butter Buds Inc. | RSBN,,
phack.org,Pacific Hackers Infosec,,Pacific Hackers Infosec | Pacific Hackers Infosec Conference | Pacific Hackers Meetup & Conference,,
gamepcfull.com,Game PC Full,,Game PC Full | Game PC.,,
blazingstargrange.org,Blazing Star Grange,,Blazing Star Grange | Blazing Star Grange #71,,
bubongstore.com,Bubong Store,Covalent Softwares Pvt. Ltd.,Bubong Store | Covalent Softwares Pvt. Ltd. | Ethics Exports Pvt. Ltd.,,
forcht-law.com,Melan M Forcht Law Offices,,Melan M Forcht Law Offices | Law Office of Melan M. Forcht,,
myacem.com,Corporate Event Management Inc.,Corporate Event Management Inc.,Corporate Event Management Inc. | Association & Corporate Event Management Services Inc. | Association & Corporate Event Management Inc. | ACEM INC.,,
rethinkingwealth.org,Rethinking Wealth,The Ron Blue Institute,Rethinking Wealth | The Ron Blue Institute,,
fayreconsulting.com,Fayreconsulting,,Fayreconsulting,,
bloggingforextrader.com,Forex Trader Blogging,,Forex Trader Blogging,,
poocheshouseboutique.com,Poochesâ€™ House,,Poochesâ€™ House | Pooches' House Boutique,,
ellen4wcsd.com,Re-Elect Ellen Minetto,,Re-Elect Ellen Minetto | Committee to Elect Ellen Minetto,,
schoi.mit.edu,Soonwon Choi,,Soonwon Choi,,
kiplearningandactivitycenter.com,KIP Learning and Activity Center,,KIP Learning and Activity Center | KIP Learning and Act,,
innovativeinstruction.org,Innovative Instructional Solutions,Innovative Instructional Solutions LLC.,Innovative Instructional Solutions | Innovative Instructional | Innovative Instructional Solutions LLC. | Instructional Solutions LLC.,,
nomadicbearproductions.com,Nomadic Bear,,Nomadic Bear | Nomadic Bear Productions,,
baxland.com,Baxland,,Baxland | Baxland Land Investing,,
itlogo.net,Itlogo,,Itlogo,,
amairportparking.com,AM Airport Parking,,AM Airport Parking,,
justgooglebenhiggins.com,Ben Higgins,,Ben Higgins,,
homesforsalescv.com,Laura Hannasch,,Laura Hannasch,,
saipanyc.com,Saipa NYC,,Saipa NYC,,
pctouchservices.com,PC Touch Services,PC Touch Services Inc.,PC Touch Services | PC Touch Services Inc. | Pc Touch Svc. Inc.,,
rightstudents.org,RightStudent,,RightStudent | RightStudent's,,
yourvibrantnutrition.com,Vibrant Nutrition & Wellness LLC.,Vibrant Nutrition & Wellness LLC.,Vibrant Nutrition & Wellness LLC. | Vibrant Nutrition & Wellness,,
deepdivecounseling.net,Deep Dive Counseling LLC.,Deep Dive Counseling LLC.,Deep Dive Counseling LLC. | Deep Dive Counseling,,
myzerly.com,Designer Notable ZURB Inc.,Designer Notable ZURB Inc.,Designer Notable ZURB Inc.,,
vitalaehealingarts.com,Vitalae Healing Arts,,Vitalae Healing Arts | Vitalae Healing,,
tlalocrivas.com,Tlaloc Rivas,,Tlaloc Rivas,,https://www.instagram.com/tlalocnyc/?hl=en|https://www.facebook.com/tlalocnyc|https://twitter.com/TlalocRivas|https://www.linkedin.com/in/tlaloc-rivas-2a6b2610/
periogel.net,Perio Gel,,Perio Gel | Perio Gel Sales,,
pioneerpropertydevelopment.com,Pioneer Property Development,Pioneer Property Development LLC.,Pioneer Property Development | Pioneer Property Development LLC.,,
avdtechnologies.com,AVD Technologies,,AVD Technologies | AVD,,
dablawoffice.com,Dombrowski Aveni & Bunnell,,Dombrowski Aveni & Bunnell | Office of Dombrowski Aveni & Bunnell,,
d-l-roofing-and-construction-llc.business.site,D & L Roofing and Construction LLC.,D & L Roofing and Construction LLC.,D & L Roofing and Construction LLC. | D & L Roofing and Construction,,
thebeautyteam.com,THE BEAUTY TEAM LLC.,THE BEAUTY TEAM LLC.,THE BEAUTY TEAM LLC. | The Beauty Team Inc. | THE BEAUTY TEAM,,
rivertownslp.com,Rivertowns Speech an,,Rivertowns Speech an | Rivertowns Speech and Language Therapy | Rivertowns Speech and Language | RIVERTOWN SPEECH AND LANGUAGE THERAPY,,
lonepeakdoodles.com,Lone Peak Doodles,,Lone Peak Doodles,,
petexplain.com,PetExplain,,PetExplain,,
awlsnap.com,Awl Snap Leather Goods,Awl Snap LLC.,Awl Snap Leather Goods | Awl Snap | Awl Snap LLC.,,
nymphyacht.com,Nymph Yacht,,Nymph Yacht,,
belanshion.com,Belanshion,,Belanshion,,
stickerdreams.com,Sticker Dreams,STICKERDREAMS LLC.,Sticker Dreams | STICKERDREAMS LLC.,,
godsministryfellowship.com,GODS MINISTRY,,GODS MINISTRY,,
cotherix.com,Cotherix,Cotherix Inc.,Cotherix | Cotherix Inc. | ctelion Pharmaceuticals US Inc.,,
highwaydistribution.net,HIGHWAY DISTRIBUTION,,HIGHWAY DISTRIBUTION,,
mingchienliang.com,Ming-Chien Liang,,Ming-Chien Liang | Ming-Chien,,
tic-texas.com,Texas Inpatient Consultants,,Texas Inpatient Consultants | Texas Inpatient,,
pinolevistareimagined.com,Village at Novato,,Village at Novato,,
kikimo.com,Kikimo Incorporated.,Kikimo Incorporated.,Kikimo Incorporated. | Kikimo Inc.,,
aristacons.com,Arista,,Arista,,
alpha-research-associates-research-institute.business.site,Alpha Research Associates,Alpha Research Associates Research Institute,Alpha Research Associates | Alpha Research Associates Research Institute,,
prlassociates.net,PRL Associates,,PRL Associates,,
kkcger.com,Kkcger,,Kkcger,,
rollupdoorrepairnyc.com,Roll Up Door Repair,,Roll Up Door Repair | Same Day Roll Up Door Repair,,
theconservancyproject.org,The Conservancy Project,,The Conservancy Project,,
hearthstoneproperty.com,Hearthstone LIVE Property,,Hearthstone LIVE Property | Hearthstone Property Services | Hearthstone Property | Hearthstone,,
samantharaiderbrown.com,Samantha Brown,,Samantha Brown | Samantharaiderbrown,,
singinglessonstemecula.com,Vivien Gaines Vocal Studio,,Vivien Gaines Vocal Studio | Vivien Gaines,,
candybartending.com,Candy Bar Personal Bartending Services,,Candy Bar Personal Bartending Services,,
truelifetx.org,TrueLifeTX,,TrueLifeTX,,
citycanyons.com,City Canyons,City Canyons LLC.,City Canyons | City Canyons Productions | City Canyons LLC.,,
creativebusinessassociates.com,Creative Business Associates,,Creative Business Associates,310-650-6862,https://www.facebook.com/paula.easton
citycenterwaco.com,City Center Waco,,City Center Waco,,
stpunited.org,St Paul's United Methodist,,St Paul's United Methodist,,
mottshay.com,Mott & Shay Inc.,Mott & Shay Inc.,Mott & Shay Inc. | Mott & Shay | Mott & Shay Consulting Foresters PLLC | Southern Land & Timber Consultants LLC.,,
brynbachman.com,Bryn Bachman,,Bryn Bachman | Bryn Bachman Design,,
branchedoakmarina.com,Branched Oak Marina,,Branched Oak Marina | Branched Oak Lake Marina,,
executivecarservicelax.com,Executive Car Service LAX,,Executive Car Service LAX | Executive Car Service,,
drrokh.com,Dr. Rokh,,Dr. Rokh,,
liketelevision.com,LikeTelevision,LikeTelevisionâ„¢ Inc.,LikeTelevision | LikeTelevisionâ„¢ Inc. | LikeTelevisionTM Inc. | 1999-2012 LikeTelevisionâ„¢ Inc.,,
pestcontrolmodestoca.org,Superior Pest Control of Modesto,,Superior Pest Control of Modesto,,
celebaesthetics.com,Celeb Aesthetics,,Celeb Aesthetics | Celeb Aesthetics & Wellness,,
thermalpd.com,Thermal Process Development,,Thermal Process Development | Thermal Process,,
shoplakebuoy.com,LAKE BuOY,,LAKE BuOY,,
carriecrespo.com,Carrie Crespo,,Carrie Crespo,,
finishingtouch.contractors,Finishing Touch,,Finishing Touch,,
outervisionsdesign.com,Outer Visions Landscape Design,,Outer Visions Landscape Design,,
matthaynes.uk,Matt Haynes,,Matt Haynes,,
redrhinomovers.com,Red Rhino Movers,,Red Rhino Movers,,
4v21.com,Amazing Online Offers,,Amazing Online Offers,,
it10103.wordpress.com,It10103,,It10103,,
annarborhomesrealtor.com,Maura Rains,,Maura Rains,,
graphicmontzter.com,Graphic Montzter,,Graphic Montzter,,
alldolledupspabus.com,All Dolled Up Spa Bus LLC.,All Dolled Up Spa Bus LLC.,All Dolled Up Spa Bus LLC.,,
exaintelligence.com,EXA Intelligence,,EXA Intelligence,,
mlfcare.org,Morning Light Foundation,,Morning Light Foundation | Morninglight,,
morenohillssda.org,Moreno Hills SDA,,Moreno Hills SDA | Moreno Hills SDA Church | Moreno Hills Seventh-Day,,
laurafoxreel.com,LAURA FOX,,LAURA FOX,,
callunakennels.com,Calluna Kennels,,Calluna Kennels,,
lassomd.com,Lasso MD,,Lasso MD,,
arisepca.com,Arise Presbyterian Church,,Arise Presbyterian Church,,
centralcoastmd.com,Central Coast MD,,Central Coast MD,,
westtubingcompany.com,West Tubing Company,West Tubing Company,West Tubing Company | West Tubing,,
blackdiamondregulatory.com,Black Diamond Regulatory,Black Diamond Regulatory Consulting LLC.,Black Diamond Regulatory | Black Diamond Regulatory Consulting LLC. | Black Diamond Regulatory Consulting,,
postmodern-strings.com,Postmodern Strings by Viol Consort,,Postmodern Strings by Viol Consort | PostModern Strings,,
patscrap.co.uk,Pats CRAP,,Pats CRAP,,
origingolf.com,Origin Golf,,Origin Golf,,
wellbaum-apiaries.business.site,Wellbaum Acres Apiaries,,Wellbaum Acres Apiaries,,
nu-imagepainting.com,Nu Image Painting,,Nu Image Painting | Nu-Image,,
fightguard.net,Fight Guard Network,,Fight Guard Network | Fightguard,,
audinashville.com,Audi Nashville Service Center,,Audi Nashville Service Center | Audi Nashville,,
cryptonewsupdate.com,Crypto News Update,,Crypto News Update | Cryptox,,
dewingscenter.org,Dewings Center,,Dewings Center | The Dewings Center,,
paynespringsumc.org,Payne Springs UMC,,Payne Springs UMC | PAYNE SPRINGS UNITED METHODIST CHURCH,,
putitontheglass.com,Put it on the Glass,,Put it on the Glass,,
globalonefinancialsolutions.com,Global One Financial Solutions,,Global One Financial Solutions,,
designsbydjflorist.com,Designs by DJ,,Designs by DJ | Designs By,,
kingfisherseo.com,Kingfisher SEO,,Kingfisher SEO,,
oneononesc.com,One On One Fitness,One on One Fitness LLC.,One On One Fitness | One on One Fitness LLC.,,
semillacenter.org,Semilla Center,,Semilla Center,,
littleredfarmhousegifts.net,Little Red Farmhouse Gifts,,Little Red Farmhouse Gifts,,
missinglnk.com,Missing Link,,Missing Link | Missing Link Motorcycle Apparel | Missing L8nk | Missing Ink,,
successoilco.com,Success Oil Company,Success Oil Company,Success Oil Company | Success Oil Co.,,
uniqueservices.us,Unique Services and Bounce palace,,Unique Services and Bounce palace | Unique Services,,
whymessa.com,Why Messa,Why Messa & Associates P.C.,Why Messa | Why Messa & Associates P.C. | ssa & Associates P.C.,,
wheeinc.com,Whee Inc.,Whee Inc.,Whee Inc. | Woodruff & Howe Environmental Engineering Inc.,,
badgertoyotalift.com,Badger Toyotalift,Badger Industrial Trucks Inc.,Badger Toyotalift | Badger Industrial Trucks Inc.,,
autobodiparts.com,Auto Body Parts,,Auto Body Parts | Autobodiparts,,
ambazoniafoundation.org,Ambazonia Foundation,Ambazonia Foundation Inc.,Ambazonia Foundation | Ambazonia Foundation Inc.,,
colonsource.com,Colon Source,,Colon Source,,
workitstudio.com,Work It! Studio by WandaWoman,Forge Marketing & Management Pty.,Work It! Studio by WandaWoman | Work It! Studio | Forge Marketing & Management Pty.,,
maido-shimizuya.com,Programming Skill Professional Services,,Programming Skill Professional Services,,
citadelurban.com,Citadel Urban,,Citadel Urban,,
ogawadesign.com,Ogawa Design Agency,,Ogawa Design Agency | Ogawa Design | Ogawa Designs,,
emergencyinternational.org,Emergency International,,Emergency International,,
nefsvt.com,Northeast Farm Services,Northeast Farm Services Inc.,Northeast Farm Service | Northeast Farm Services Inc. | NEFS | Northeast Farm Sales & Service INC. | Northeast Farm Sales & Service | Northeast Farm Services,,
foreverepoxy.com,Forever Epoxy,,Forever Epoxy,,
tangodown.com,TangoDown,TangoDown Inc.,Vickers Tactical Carry Trigger VTCT-002 Gen. | Vickers Tactical Carry Trigger VTCT-001 Gen. | TangoDown Inc. | TangoDown | Tango Down Llc,,
aesgoldmine.com,Advanced Exploration Solutions,,Advanced Exploration Solutions,,
marinavillageharbor.com,Marina Village Yacht Harbor,,Marina Village Yacht Harbor,,
azrielassetmgmt.com,Azriel Asset Management,,Azriel Asset Management,,
tandoorrestaurants.com,Tandoor Indian Grill - Millcreek,,Tandoor Indian Grill - Millcreek,,
graciejoplin.com,Gracie HumaitÃ¡ Joplin,,Gracie HumaitÃ¡ Joplin | Gracie Humaita Joplin Gracie Humaita | Gracie Joplin,,
erikashome.com,Erika Marsh Pitman,,Erika Marsh Pitman,,
rpuma.org,River Park Utilities,River Park Utilities Management Association,River Park Utilities | River Park Utilities Management Association,,
sharonkinghoge.com,Sharon King Hoge,,Sharon King Hoge,,
howellci.com,Howell CI,,Howell CI | Howell Consulting & Investigation,,
motherssoontobe.com,Mothers Soon To,,Mothers Soon To,,
imcl-conference.org,IMCL conference,,IMCL conference,,
blacknewengland.org,Black Heritage Trail of New Hampshire,,Black Heritage Trail of New Hampshire,,
philippineflowers.com,Philippineflowers,,Philippineflowers | Philippineflowers.c,,
aestatix.com,Aestatix,AESTATIX LLC.,Aestatix | AESTATIX LLC.,,
takapartners.com,Taka Partners,,Taka Partners,,
wwnboa.org,Winged Warriors Natl. B-Body,,Winged Warriors Natl. B-Body | NASCAR Street Classics Ltd.,,
kathrynsonmoonlake.com,Kathryn's of Mississippi Inc.,Kathryn's of Mississippi Inc.,Kathryn's of Mississippi Inc.,,
wanakenapinecone.wordpress.com,Black Waters Cafe,,Black Waters Cafe,,
overlakecollie.com,Overlake Collie Club,,Overlake Collie Club | COLLIE CLUB OF WASHINGTON | Overlake Collie,,
cdl-express.com,CDL Express Truck Rental,,CDL Express Truck Rental | CDL Express Truck | CDL Express | Cdlexpressmn,,
msjudithsewins.com,Fabulous Hair and Weave Salon,,Fabulous Hair and Weave Salon,,
drariatirakic.com,Ariati,,"Ariati | Rakic,,
jadynbags.com,Jadyn Bags,,Jadyn Bags,,
fivestaracsd.com,Five Star Heating and Air Conditioning,,Five Star Heating and Air Conditioning | Five Star Heating,,
janarose.us,Jana Rose,Jana Stewart LLC.,Jana Rose | Jana Stewart LLC.,,
cadottfamilyrestaurant.com,Cadott Family Restaurant,,Cadott Family Restaurant | Cadott Family,,
coopster.org,Esk River NSW,,Esk River NSW,,
thecheapghostwriter.com,THE CHEAP GHOSTWRITER,,THE CHEAP GHOSTWRITER | Cheap Ghostwriter,,
vipsmarthomes.com,VIP Smart Homes Inc.,VIP Smart Homes Inc.,VIP Smart Homes Inc. | VIP Smart Homes,,
crestonhousefl.com,Creston House,,Creston House | Creston House Rental Office,,
theneumannproject.com,The Neumann Project,,The Neumann Project,,
gforcefoundation.com,G-Force Foundation,High School EVHS in Gypsum CO.,G-Force Foundation | High School EVHS in Gypsum CO.,,
philstreeppc.com,Phil's Expert,,Phil's Expert,,
aroostooktechnologies.com,Aroostook Technologies,Aroostook Technologies Inc.,Aroostook Technologies | Aroostook Technologies Inc.,,
ohanacrm.com,Ohana CRM,,Ohana CRM,,
alibaba-kebab.com,Alibaba Kebab,,Alibaba Kebab,,
auroratechservices.com,Aurora Technical Services,Aurora Technical Services LLC.,Aurora Technical Services | Aurora Technical Services LLC. | Mosquito Misting Systems Llc,,
par1cleaners.business.site,Par1 Cleaners,,Par1 Cleaners,,
scienceeducators.org,Science Educators,,Science Educators,,
figureitoutagency.com,Figureitoutagency,,Figureitoutagency,,
theuntamedcreative.co,The Untamed Creative,,The Untamed Creative | Untamed Creative,,
atlantanephrologyassociates.com,Atlanta Nephrology,,Atlanta Nephrology | Atlanta Nephrology Associates,,
energy-health-oriental-massage.business.site,Energy Health Oriental Massage,,Energy Health Oriental Massage,,
lukesmma.com,Lukes Mixed Martial Arts,,Lukes Mixed Martial Arts,,
cryptobroaden.com,Crypto Broaden,Stock Marathon Petroleum Corporation,Crypto Broaden | Stock Marathon Petroleum Corporation,,
rlosrivera.com,XV CAPITAL LLC.,XV CAPITAL LLC.,XV CAPITAL LLC.,,
top-salon-hair-salon.business.site,Top salon Hair Salon,,Top salon Hair Salon | Top salon,,
taam.org,TAAM,,TAAM,,
puppetheap.com,Puppet Heap,Puppet Heap LLC.,Puppet Heap | Puppet Heap LLC.,,
ehardts.com,Ehardt's Pharmacy,EHARDT'S PHARMACY INC.,Ehardt's Pharmacy | Ehardt's Pharmacy & Medical Supply | Ehardt's | EHARDT'S PHARMACY INC.,,
ascend-tech.us,Ascendant Software Technology,Ascendant Software Technology LLC.,Ascendant Software Technology | Ascendant Software | Ascendant Software Technology LLC.,,
green-graphixz-clothing-company.business.site,Green Graphixz Clothing Company,Green Graphixz Clothing Company,Green Graphixz Clothing Company,,
clearmirrorhealing.wordpress.com,Clear Mirror Healing,,Clear Mirror Healing | Clear Mirror Healing - Home,,
sanctuaryfarmphila.org,Sanctuary Farm Phila,,Sanctuary Farm Phila | Sanctuary Farm Philadelphia | Sanctuary Farm,,
dbdtravel.net,Destinations by Design LLC.,Destinations by Design LLC.,Destinations by Design LLC. | Destinations by Design,,
mompopshop.com,Mom and Pop Shop Popsicles,,Mom and Pop Shop Popsicles | Mom Pop Shop,,
platformtemizlik.com,Platform Temizlik,,Platform Temizlik,,
stangerfabllc.com,Stanger Fab LLC.,Stanger Fab LLC.,Stanger Fab LLC. | Stanger Fab,,
tsunamipolo.org,Tsunami Water Polo,,Tsunami Water Polo | San Francisco Tsunami Water Polo,,
pattikavanagh.massagetherapy.com,Patti Kavanagh,,Patti Kavanagh,,
when2heartsbeatas1.org,When 2 Hearts Beat,,When 2 Hearts Beat | When 2 Hearts Beat as 1,,
informatichiamoci.it,Informatichiamoci,,Informatichiamoci,,
amwindowcleaning.org,A & M Window Cleaning,,A & M Window Cleaning,,
wheelrepairphoenix.com,Wheel Repair Phoenix,,Wheel Repair Phoenix,,
intlselfstorage.com,International Self Storage,,International Self Storage,,
kiddnap.com,Kidnap,,Kidnap,,
harmonystarkennel.com,Harmony Star Kennel,,Harmony Star Kennel,,
wadeloans.com,Wade Smith Clarity Mortgage,,Wade Smith Clarity Mortgage,,
highqualitypcs.com,Highqualitypcs,,Highqualitypcs,,
fitcivic.com,Fit Civic,,Fit Civic,,
ohhappydayshatchetthrowing.com,Oh Happy Days Hatchet Throwing And More,,Oh Happy Days Hatchet Throwing And More | Oh Happy Days Hatchet Throwing,,
transtekautosales.com,Trans Tek Auto Sales,Transtek Transmission Corp,Trans Tek Auto Sales | Trans-Tek | Trans-Tek Transmission | Trans-Tek Auto Professionals | Transtek Transmission Corp,,
stevensfamilyfarm.webs.com,Stevens Family Farm,,Stevens Family Farm,,
thefeldenkraiscenter.com,The Feldenkrais Center,,The Feldenkrais Center | The Feldenkrais Center of San Diego,,
koimountain.com,Koi Mountain,,Koi Mountain | Koi MountainBath-and-body,,
gooddogsfarm.com,Good Dogs Farm,,Good Dogs Farm,,
king-alexander.com,Kirkus Reviews,,Kirkus Reviews,,
arnoldprint.com,Arnold Printed Communications,Arnold Printed Co.,Arnold Printed Comm | Arnold Printed | Arnold Business Forms Inc. | Arnold Printed Communications | Arnold Printed Co.,,
simplythaidining.com,Simply Thai Restaurant,,Simply Thai Restaurant,,
temploebenezerweslaco.com,TEMPLO EBENEZER WESLACO,,TEMPLO EBENEZER WESLACO,,
allstarbp.com,Allstar Simulators,,Allstar Simulators | Allstar BP,,
mjwm225.com,Matthew Johnson CFP,,Matthew Johnson CFP,,
batesdds.com,Bates DDS,,Bates DDS | BatesDDS - Ryan Bates DDS,,
beckynadesan.com,Becky Nadesan,,Becky Nadesan,,
cstyled.com,CStyled,,CStyled,,
krambu.com,KRAMBU,KRAMBU Inc.,KRAMBU | KRAMBU Inc.,,
daveandtracy.org,David & Tracy,,David & Tracy,,
writingonboard.com,Writing on Board,,Writing on Board,,
asahisuperdry.com,Asahi Super Dry,Asahi Europe Limited,Asahi Super Dry | Asahi Europe Limited | Asahi Group Holdings Ltd. | Super Dry,,
bytheseat.com,Imperium Jets,,Imperium Jets | TukiJets,,
aquamarinejewelrystudio.com,Aquamarine jewelry studio,,Aquamarine jewelry studio | Aquamarine Jewelry,,
myfriendsandme.net,My Friends and Me,,My Friends and Me | My Friends,,
kairios.com,Kairios,Kairios Co.,Kairios | Kairios Co.,,
harlongroup.com,Harlon Group,,Harlon Group,,
off-trail.co,Off trail,,Off trail,,
sonicshopper.com,SONIC SHOPPER,,SONIC SHOPPER,,
epocheducation.com,Epoch Education,EPOCH EDUCATION INC.,Epoch Education | EPOCH EDUCATION INC.,,
elijahvest.com,Elijah Vestergaard,,Elijah Vestergaard,,
charleygasparlandscapingllc.com,Charley Gaspar Landscaping LLC.,Charley Gaspar Landscaping LLC.,Charley Gaspar Landscaping LLC. | Charley Gaspar Landscaping,,
mtzionbaptistrentz.com,Mt Zion Baptist Church,,Mt Zion Baptist Church,,
maryfrancespencer.com,Mary Frances Spencer,,Mary Frances Spencer,,
projectgestalt.com,Project Gestalt Inc.,Project Gestalt Inc.,Project Gestalt Inc. | Project Gestalt,,
ticketsregina.com,Tickets Regina,,Tickets Regina,,
change-points.com,Change Points,ChangePoints LLC.,Change Points | ChangePoints LLC.,,
azureskies.com,Azure Skies Landscaping,,Azure Skies Landscaping,,
drcharlieharper.com,Dr. Charlie Harper,,"Dr. Charlie Harper | Dr. Charlie Harper,,
skdesignbuildllc.com,S&K Design-Build,S&K Design Build LLC.,S&K Design-Build | S&K Design Build LLC.,,
kansaslimousin.org,Kansas Limousin Breeders Association,Kansas Limousin Breeders Association,Kansas Limousin Breeders Association | Kansas Limousin | Kansas Limousin Breeders,,
betterbuildco.com,Better Build Co.,Better Build Co.,Better Build Co.,,
hannacho.com,Hanna cho,,Hanna cho,,
proofpass.com,ProofPass,,ProofPass,,
drfconaway.com,Dr. Frank Conaway DDS,,Dr. Frank Conaway DDS | Frank Conaway,,
willowglenhomeandgarden.com,Willow Glen Home & Garden,The Green Home And Garden Co.,Willow Glen Home & Garden | The Green Home And Garden Co.,,
motinidesigns.com,Motini Designs,,Motini Designs,,
hoodriverclothing.com,Hood River Clothing,Hood River Clothing Company,Hood River Clothing | Hood River Clothing Company | Hood River Clothing Co.,,
bookkeepinglogic.com,Bookkeeping Logic,Bookkeeping Logic Inc.,Bookkeeping Logic | Bookkeeping Logic QuickBooks | Bookkeeping Logic Inc.,,
yoursbasource.com,Your SBA Source,,Your SBA Source,,
mtcdz.net,MTC ECOLE,,MTC ECOLE,,
earthrenovation.net,Earth Renovation & Design,,Earth Renovation & Design | Earth Renovation &amp Design | Earth Renovation,,
sbmobilenails.com,SB Mobile Nail,,SB Mobile Nail,,
warnby.com,Warnby,,Warnby,,
romanolawpllc.com,Romano Law,Romano Law PLLC,Romano Law | Romano Law PLLC,,
harperfinancialassociates.com,Harper Financial Associates LLC.,Harper Financial Associates LLC.,Harper Financial Associates LLC. | Harper Financial Associates,,
hometheatersystemgainesville.com,Swamp Rentals,,Swamp Rentals,,
horizon-international.com,Horizon International,Horizon International Tech Inc.,Horizon International | Horizon International Development | Horizon International Tech Inc.,,
yourtowcompany.com,Your Tow Company,Your Tow Company,Your Tow Company,,
garagedoor-repair-waynenj.com,Garage Door Repair Wayne NJ,,Garage Door Repair Wayne NJ,,
advance-tcc.com,ADVANCE-TCC,ADVANCE-TCC LLC.,ADVANCE-TCC | ADVANCE-TCC LLC.,,
sootheyoursoulmassage.com,Soothe Your Soul Massage LLC.,Soothe Your Soul Massage LLC.,Soothe Your Soul Massage LLC. | Soothe Your Soul Massage,,
teriorr.weebly.com,Teri J. Orr,,Teri J. Orr | Teri Orr,,
thermproutah.com,Therm Pro,,Therm Pro | Utica Boilers Inc.,,
ftworthepoxyflooring.com,Fort Worth Epoxy Flooring,,Fort Worth Epoxy Flooring,,
bergesenterpriseinc.com,Berges Enterprises Inc.,Berges Enterprises Inc.,Berges Enterprises Inc. | Berges Enterprise Inc.,,
salazarthomas.com,THOMAS SALAZAR llc.,THOMAS SALAZAR llc.,THOMAS SALAZAR llc. | SALAZAR LLC.,,
mojoparker.com,Mojo Parker,,Mojo Parker | Mojo Parker - Home,,
salinasidingcompany.com,Salina Siding Company,Salina Siding Company,Salina Siding Company | Salina Siding,,
directtransportsys.com,Direct Transport Systems Inc.,Direct Transport Systems Inc.,Direct Transport Systems Inc. | Direct Transport Systems | Direct Transport,,
neilheffernan.net,Neil Heffernan,PI Sonalysts Inc.,Neil Heffernan | PI Sonalysts Inc.,,
advertiserandmarketersplatform.com,Andmarketers,,Andmarketers,,
janellesrestaurant.com,Janelles Restaurant,,Janelles Restaurant | Janelleâ€™s Caribbean Restaurant,,
wibidata.com,WibiData,,WibiData | WibidataOfficial,,
pdassociation.org,Private Directors Association,Private Directors Association,Private Directors Association,,
befeni-usa.com,Befeni USA,Smith79 Inc.,Befeni USA | Smith79 Inc.,,
independenthotelmarketinggroup.com,Independent Hotel Marketing,,Independent Hotel Marketing | INDEPENDENT HOTEL MARKETING GROUP,,
awbrueggemann.com,A W Brueggemann Co.,A W Brueggemann Co.,A W Brueggemann Co. | A.W. Brueggemann | A.W. Brueggemann Company Inc.,,
safetychain.com,SafetyChain Software,SafetyChain Software Inc.,SafetyChain Software | Safety Chain | SafetyChain Software Inc.,,
sweetadswebcast.com,Sweet Adelines International,,Sweet Adelines International,,
mctierart.com,McTier Art,,McTier Art,,
hunterdecuir24.com,Hunter Decuir Clover High School,,Hunter Decuir Clover High School,,
quality-trucking.com,Quality Trucking Inc.,Quality Trucking Inc.,Quality Trucking Inc. | Quality Trucking,,
roushdetailingllc.com,Roush Detailing,Roush Detailing llc.,Roush Detailing | Roush Detailing llc.,,
nachonomics.com,Nachonomics,,Nachonomics,,
3lnotary.com,3L Notary,BeClay Media LLC.,3L Notary | BeClay Media LLC.,,
dotsandcubes.com,Dots & Cubes,Dots & Cubes LLC.,Dots & Cubes | Dots & Cubes LLC. | Wischman Management Inc.,,
torres-hvac.business.site,Torres HVAC,,Torres HVAC,,
saracott.com,Sara Cott MSW LCSW,,Sara Cott MSW LCSW | Sara Cott,,
id44.com,ID44,,ID44 | Munden Medical DBA id44,,
themorvarid.com,Morvarid shop,,Morvarid shop,,
alphaquorumstore.com,Alpha Quorum,Evolved Worldwide LLC.,Alpha Quorum | Evolved Worldwide LLC.,,
highwayonerealestate.com,Highway One Real Estate,,Highway One Real Estate,,
amendedbeauty.com,Amended Beauty,,Amended Beauty,,
bellocasa.com,Bello Casa,Bello Casa LLC.,Bello Casa | Bello Casa LLC.,,
masterguyscardetail.com,Masterguyscardetail,,Masterguyscardetail | Master guys,,
seattlecandle.com,Seattle Candle Company,Seattle Candle Company,Seattle Candle Company,,
holehunterindustries.com,HoleHunter Industries,Hole Hunter Industries LLC.,HoleHunter Industries | Hole Hunter Industries eStore | Hole Hunter Industries LLC.,,
djs-general-service-llc.business.site,Dj's General service llc.,Dj's General service llc.,Dj's General service llc. | Dj's General service,,
al-advertising-diet-store.com,AL Advertising Diet Store,,AL Advertising Diet Store | AL Advertising,,
brushsolutions.net,Brush Solutions Inc.,Brush Solutions Inc.,Brush Solutions Inc. | Brush Solutions,,
childcarecompany.org,THE CHILD CARE COMPANY,THE CHILD CARE COMPANY,THE CHILD CARE COMPANY | Child Care Company,,
madebyjosy.com,Made By Josy,,Made By Josy,,
roux30a.com,Roux 30a,Roux 30a Enterprises LLC.,Roux 30a | Roux 30a Enterprises LLC.,,
burkeoppenheim.com,Burke Oppenheim,,Burke Oppenheim,,
european-deli.com,European Deli & Bakery,,European Deli & Bakery | European Deli,,
car.hk,Loeber,,Loeber,,
fsb-int.com,Future Semiconductor Business,,Future Semiconductor Business | Future Semiconductor,,
mq3labs.com,MQ3 Labs,Advisor Blackboat GmbH,MQ3 Labs | Advisor Blackboat GmbH,,
sammycarlosdelicatessencatering.net,Sammy Carlo's Delicatessen & Catering,,Sammy Carlo's Delicatessen & Catering,,
pawsinmotionla.com,Paws in Motion - Professional Dog Runners,Paws in Motion Inc.,Paws in Motion - Professional Dog Runners | Paws in Motion Inc. | Paws in Motion,,
littlefeetforestschool.org,Little Feet Forest School,,Little Feet Forest School | Little Feet Forest S | Little Feet Forest,,
airelibreavenue.com,AIRE LIBRE AVENUE,,AIRE LIBRE AVENUE,,
yttangsoodo.com,Y. T. Tang Soo Do,T. Tang Soo Do LLC.,Y. T. Tang Soo Do | Y. T. Tang Soo | T. Tang Soo Do LLC. | Y. T. Tang Soo Do LLC.,,
arbca.com,Association of Reformed Baptist Churches of America,Arbca Inc.,Association of Reformed Baptist Churches of America | ARBCA | Arbca Inc.,,
directdrivelogistics.com,Direct Drive Logistics - Milwaukee,,Direct Drive Logistics - Milwaukee | Direct Drive Logistics,,
gsbphoto.com,Gordon S Bernstein Photo,,Gordon S Bernstein Photo | Bernstein Gordon S,,
bgkinvestments.com,BGK Investments,,BGK Investments,,
pinehavenresort.com,Pine Haven Resort,,Pine Haven Resort,,
dreamlab.design,DreamLab,DreamLab LLC.,DreamLab | DreamLab LLC. | DreamLab Creative Ideas,,
whittiershuttle.com,Whittier Alaska Shuttle,,Whittier Alaska Shuttle | Whittier shuttle,,
beaconhillrealtygroup.com,Beacon Hill Realty Group,,Beacon Hill Realty Group | Beacon Hill Realty,,
bubsnola.com,Bub's NOLA,,Bub's NOLA,,
juniorchefsofamerica.org,Junior Chefs Of America,,Junior Chefs Of America,,
silverbaytech.com,Silver Bay Software LLC.,Silver Bay Software LLC.,Silver Bay Software LLC. | Silver Bay Technologies,,
denhamsflorist.com,Denham's Florist,,Denham's Florist,,
trbism.com,Trbism,,Trbism,,
ghostmountain.org,Ghost Mountain,,Ghost Mountain,,
tiffin24.com,TIFFIN 24,,TIFFIN 24,,
lawrencedy.com,Lawrence Dy,,Lawrence Dy,,
positivesideofgolf.com,Positive Side of Golf,,Positive Side of Golf,,
documentsandforms.com,Documents And Forms,,Documents And Forms,,
dreamservicesoftware.com,Dream Service Software,,Dream Service Software | Dream Service,,
kellyhohlainteriors.com,Kelly Hohla Interiors,,Kelly Hohla Interiors,,
genfreellc.com,GenFree LLC.,GenFree LLC.,GenFree LLC.,,
loydayu.com,Loyda Yu,,Loyda Yu | Loyda Yu Century 21 Award | Erika Loyda Yu,,
topcropalliance.com,Top Crop Alliance,,Top Crop Alliance,,
ssmobile.store,SS Mobile,,SS Mobile,,
cherrycreektributaries.com,Cherry Creek Tributaries,,Cherry Creek Tributaries,,
advancedbiblicalstudies.net,Advanced Biblical Studies,Light Ministries International Inc.,Advanced Biblical Studies | Light Ministries International Inc.,,
thethriftyhijabi.com,The Thrifty Hijabi,,The Thrifty Hijabi,,
rewildyourgarden.com,Wild Native Gardens,,Wild Native Gardens | ReWILD Your Garden,,
greenershinglessanantonio.com,Greener Shingles,,Greener Shingles | Roof Rejuvenation San Antonio | Greener Shingles Roof Rejuvenation,,
h-glogistics.com,H&G Logistics,,H&G Logistics,,
simplicitymovers.com,Simplicity Movers,,Simplicity Movers,,
belozapp.com,BEL-OZ LTD.,BEL-OZ LTD.,BEL-OZ LTD.,,
libertybaptist.org,Liberty Baptist Church,,Liberty Baptist Church | Liberty Baptist,,
qualifiedportablegarages.com,Qualified Portable Garages,,Qualified Portable Garages,,
hiddengallerywines.com,The Hidden Gallery,,The Hidden Gallery | Hidden Gallery wines,,
abujaluxuryhome.com,Abuja Luxury Homes,,Abuja Luxury Homes | Abuja Luxury Homes & Appartment | Abuja Luxury Homes & Property,,
virustarllc.com,ViruStar LLC.,ViruStar LLC.,ViruStar LLC. | VirusStar LLC.,,
bhmedicalsupplies.com,BH Medical Supplies,,BH Medical Supplies,,
acupuncture-oriental-massage.business.site,Acupuncture & Oriental Massage,,Acupuncture & Oriental Massage,,
yourhairdynasty.com,Your Hair Dynasty,Your Hair Dynasty LLC.,Your Hair Dynasty | Your Hair Dynasty LLC. | Your Hair,,
mikesagfencerepair.com,Mikesagfencerepair,Mike's Agricultural Fence Repair LLC.,Mikesagfencerepair | Mike's Agriculture Fence Repair | Mike's Agricultural Fence Repair LLC.,,
eattacorepublic.com,Taco Republic Kansas City,,Taco Republic Kansas City | Taco Republic | Taco Republic Westwood | Taco Republic Truck,,
eventsbyabel.com,Events By Abel,,Events By Abel,,
dumpsterrentalalhambraca.com,Dumpster Rental Alhambra,,Dumpster Rental Alhambra,,
carolynsnails.com,Color Street Carolyns Classy Nails,,Color Street Carolyns Classy Nails,,
secondnaturedesignsmv.com,Second Nature Designs,,Second Nature Designs,,
ridgelinehomeinspect.com,Ridgeline Home Inspection Services,Ridgeline Home Inspection Services LLC.,Ridgeline Home Inspection Services | Ridgeline Home Inspection | Ridgeline Home Inspection Services LLC.,,
teitelbaumco.com,Michael J. Teitelbaum Co.,Michael J. Teitelbaum Co.,Michael J. Teitelbaum Co. | Teitelbaum Co. | Teitelbaum Michael J | Teitelbaum Co. L.P.,,
mejina.net,Hishiyakuwaku,,Hishiyakuwaku,,
toothfairycleaningservice.com,Tooth Fairy Cleaning Service,,Tooth Fairy Cleaning Service | Tooth Fairy Cleaning,,
campaigntostopgunviolence.org,Campaign to Stop Gun Violence,,Campaign to Stop Gun Violence,,
toptok.info,TopTok,,TopTok,,
helixapartments.com,Helix Apartments,Summit Realty LLC.,Helix Apartments | Summit Realty LLC.,,
gabeyandell.com,Gabe Yandell,Gabe Yandell Pllc,Gabe Yandell | Gabe Yandell LMFT | Gabe Yandell Pllc,,
theburningship.com,The Burning Ship,,The Burning Ship,,
gentleconfections.com,Gentle Confections,,Gentle Confections,,
sacreativedesign.com,SA Creative Design,,SA Creative Design,,
burst-media.com,Burst Media Weddings,,Burst Media Weddings | BURST-MEDIA,,
markhensonart.com,Mark Henson Art,,Mark Henson Art | Mark Henson,,
heather-brooks-painted-furniture.ueniweb.com,Heather Brooks Painted Furniture,,Heather Brooks Painted Furniture | Heather Brooks Painted,,
hubbardstudios.com,Hubbard Studios,,Hubbard Studios,,
embodyacupuncture.com,Embody Acupuncture,,Embody Acupuncture,,
woodgateapts.net,Woodgate Apartments at Jordan Landing,,Woodgate Apartments at Jordan Landing | Woodgate | Woodgate Apartments,,
kalamazoomijobs.com,Kalamazoo QR,,Kalamazoo